Campus Name,Campus/Facility Name,Ward,First & Last Day of School ,Website,Main Phone Number,Twitter,Facebook,Board Chair Name,Board Chair Title,Exec# Director Name,Exec# Director Title,Principal Name,Principal Title,Location 1
Academy of Hope Adult Public Charter School,Academy of Hope Adult PCS [Edgewood],5,9/8/15-7/1/16,www.aohdc.org,202-269-6623,@AoHDC,https://www.facebook.com/aohdc,Patrina Clark,Chair of the Board,Lecester Johnson,Chief Executive Office,Patricia DeFerrari,Chief Program Officer,"601 Edgewood St NE
20017
(38.924056, -76.9984)"
Academy of Hope Adult Public Charter School,Academy of Hope Adult PCS [Southeast],8,9/8/15-7/1/16,www.aohdc.org,202-269-6623,@AoHDC,https://www.facebook.com/aohdc,Patrina Clark,Chair of the Board,Lecester Johnson,Chief Executive Office,Patricia DeFerrari,Chief Program Officer,"421 Alabama Ave SE
20032
(38.843014, -76.999854)"
Achievement Preparatory Academy PCS - Middle,Achievement Preparatory Academy PCS – Middle,8,8/24/15-6/16/16,www.achievementprep.org,202-562-1214,@AchievementPrep,https://www.facebook.com/AchievementPrep,John Green,Board Chair,Shantelle Wright,Founder/CEO,Susan Cannon,Principal,"908 Wahler Place SE
20032
(38.834155, -76.99196)"
Achievement Preparatory Academy PCS - Elementary,Achievement Preparatory Academy PCS – Elementary,8,8/24/15-6/16/16,www.achievementprep.org,202-562-1214,@AchievementPrep,https://www.facebook.com/AchievementPrep,John Green,Board Chair,Shantelle Wright,Founder/CEO,Jake Lappi,Principal,"1500 Mississippi Avenue SE
20032
(38.842299, -76.981034)"
AppleTree Early Learning PCS - Columbia Heights,AppleTree Early Learning PCS – Columbia Heights,1,8/17/15-6/8/16,www.appletreeinstitute.org,202-667-9490,@AppleTreeInst,https://www.facebook.com/AppleTreeDC,Jack McCarthy,Board Chair,Anne Zummo-Malone,Chief of Schools,Ryan Tauriainen,Principal,"2750 14th Street NW
20009
(38.925182, -77.032302)"
AppleTree Early Learning PCS - Lincoln Park,AppleTree Early Learning PCS – Lincoln Park,6,8/17/15-6/8/16,www.appletreeinstitute.org,202-667-9490,@AppleTreeInst,https://www.facebook.com/AppleTreeDC,Jack McCarthy,Board Chair,Anne Zummo-Malone,Chief of Schools,Allison Waddy,Principal,"138 12th Street NE
20002
(38.891496, -76.990258)"
AppleTree Early Learning PCS - Oklahoma Ave,AppleTree Early Learning PCS – Oklahoma Ave,7,8/17/15-6/8/16,www.appletreeinstitute.org,202-667-9490,@AppleTreeInst,https://www.facebook.com/AppleTreeDC,Jack McCarthy,Board Chair,Anne Zummo-Malone,Chief of Schools,Ntaka Wellington,Principal,"320 21st Street NE
20002
(38.8942, -76.975065)"
AppleTree Early Learning PCS - Southeast,AppleTree Early Learning PCS – Southeast [Douglass Knoll],8,8/17/15-6/8/16,www.appletreeinstitute.org,202-667-9490,@AppleTreeInst,https://www.facebook.com/AppleTreeDC,Jack McCarthy,Board Chair,Anne Zummo-Malone,Chief of Schools,Ryan Tauriainen,Principal,"2017 Savannah Terrace SE
20020
(38.848994, -76.975034)"
AppleTree Early Learning PCS - Southeast,AppleTree Early Learning PCS – Southeast [Parklands],8,8/17/15-6/8/16,www.appletreeinstitute.org,202-667-9490,@AppleTreeInst,https://www.facebook.com/AppleTreeDC,Jack McCarthy,Board Chair,Anne Zummo-Malone,Chief of Schools,Michael Wilson,Principal,"2011 Savannah Street SE
20020
(38.846746, -76.974754)"
AppleTree Early Learning PCS - Southwest,AppleTree Early Learning PCS – Southwest,6,8/17/15-6/8/16,www.appletreeinstitute.org,202-667-9490,@AppleTreeInst,https://www.facebook.com/AppleTreeDC,Jack McCarthy,Board Chair,Anne Zummo-Malone,Chief of Schools,Aja Mills,Principal,"801 7th Street SW
20009
(38.879198, -77.022095)"
BASIS DC PCS,BASIS DC PCS,2,8/24/15-6/10/16,www.basisdc.org,202-393-5437,@BASISDC,https://www.facebook.com/pages/BASIS-DC/141406749252771,"Craig Barrett, Ph.D; Dan Nienhauser",President and Chairman,Carolyn McGarvey,Senior Vice President of School Managmenet,Tim Eyerman,Head of School,"410 8th Street NW
20004
(38.895205, -77.023001)"
Breakthrough Montessori PCS,Breakthrough Montessori PCS,,Opening August 2016,www.breakthroughmontessori.org,,,https://www.facebook.com/breakthroughMontessori,Keith Whitescarver,Board Chair,?,Executive Director,?,Principal,
Bridges PCS,Bridges PCS [Main],4,8/24/15-6/16-16,www.bridgespcs.org,202-545-0515,@BridgesPCS,https://www.facebook.com/pages/Bridges-Public-Charter-School/134161169991984,Debra Graham,Board Chair,Olivia Smith,Executive Director,Kristine Rigley,Principal,"1250 Taylor Street NW
20011
(38.940758, -77.028617)"
Bridges PCS,Bridges PCS [Secondary],4,8/24/15-6/16-16,www.bridgespcs.org,202-545-0515,@BridgesPCS,https://www.facebook.com/pages/Bridges-Public-Charter-School/134161169991984,Debra Graham,Board Chair,Olivia Smith,Executive Director,Kristine Rigley,Principal,"1244 Taylor Street NW
20011
(38.940763, -77.028361)"
Bridges PCS,Bridges PCS [Sharpe],4,8/24/15-6/16-16,www.bridgespcs.org,202-545-0515,@BridgesPCS,https://www.facebook.com/pages/Bridges-Public-Charter-School/134161169991984,Debra Graham,Board Chair,Olivia Smith,Executive Director,Kristine Rigley,Principal,"4300 13th Street NW
20011
(38.943563, -77.029698)"
Briya PCS,Briya PCS [Georgia Ave],4,8/24/16-6/22/16,www.briya.org,202-797-7337,@briyapcs,https://www.facebook.com/BriyaPCS,Joel Goering,Board Chair,Christie McKay,Executive Director,Christie McKay,Executive Director,"3912 Georgia Ave NW
20011
(38.939375, -77.024874)"
Briya PCS,Briya PCS [Main],1,8/24/16-6/22/16,www.briya.org,202-797-7337,@briyapcs,https://www.facebook.com/BriyaPCS,Joel Goering,Board Chair,Christie McKay,Executive Director,Christie McKay,Executive Director,"2333 Ontario Road NW
20009
(38.921019, -77.040119)"
Briya PCS,Briya PCS [Newton St],1,8/24/16-6/22/16,www.briya.org,202-797-7337,@briyapcs,https://www.facebook.com/BriyaPCS,Joel Goering,Board Chair,Christie McKay,Executive Director,Christie McKay,Executive Director,"1755 Newton Street NW
20010
(38.93415, -77.040297)"
Capital City PCS - High School,Capital City PCS – High School,4,8/31/15-6/15/16,www.ccpcs.org,202-808-9800,@CapitalCityPCS,https://www.facebook.com/CapitalCityPCS,Anne Wallestad,Board Chair,Karen Dresden,Head of School,Belicia Reaves,Principal,"100 Peabody Street NW
20011
(38.962695, -77.012402)"
Capital City PCS - Lower School,Capital City PCS – Lower School,4,8/31/15-6/15/16,www.ccpcs.org,202-808-9800,@CapitalCityPCS,https://www.facebook.com/CapitalCityPCS,Anne Wallestad,Board Chair,Karen Dresden,Head of School,Amy Wendel,Principal,"100 Peabody Street NW
20011
(38.962695, -77.012402)"
Capital City PCS - Middle School,Capital City PCS – Middle School,4,8/31/15-6/15/16,www.ccpcs.org,202-808-9800,@CapitalCityPCS,https://www.facebook.com/CapitalCityPCS,Anne Wallestad,Board Chair,Karen Dresden,Head of School,Laina Cox,Principal,"100 Peabody Street NW
20011
(38.962695, -77.012402)"
Carlos Rosario International PCS,Carlos Rosario International PCS [Harvard St],1,8/31/15-6/16/16,www.carlosrosario.org,202-797-4700,@CR_School,https://www.facebook.com/CarlosRosarioSchool,Patricia Sosa,Board Chair,Allison R. Kokkoros,Executive Director / CEO,HollyAnn Freso-Moore,Principal,"1100 Harvard Street NW
20009
(38.926696, -77.027078)"
Carlos Rosario International PCS,Carlos Rosario International PCS [Sonia Gutierrez],5,8/31/15-6/16/16,www.carlosrosario.org,202-797-4700,@CR_School,https://www.facebook.com/CarlosRosarioSchool,Patricia Sosa,Board Chair,Allison R. Kokkoros,Executive Director / CEO,Karen Rivas,Interim Principal,"514 V Street NE
20002
(38.918111, -76.999067)"
Cedar Tree Academy PCS,Cedar Tree Academy PCS,8,8/24/15-6/16/16,cedartree-dc.org,"202-610-4193, 4194, 5780",@cedartreedc,https://www.facebook.com/CedarTreeDC,Dr. Carla Bailey,Board Chair,Dr. LaTonya Henderson,Head of School,Dr. LaTonya Henderson,Principal,"701 Howard Road SE
20020
(38.864433, -76.99867)"
Center City PCS - Brightwood,Center City PCS – Brightwood,4,8/31/15-6/17/16,www.centercitypcs.org,202-723-3322,@CenterCityPCS,https://www.facebook.com/CenterCityPCS,Tom OHara,Board Chair,Russ Williams,President &amp; CEO,Rachel Tommello,Principal,"6008 Georgia Avenue NW
20011
(38.962849, -77.027871)"
Center City PCS - Capitol Hill,Center City PCS – Capitol Hill,6,8/31/15-6/17/16,www.centercitypcs.org,202-723-3322,@CenterCityPCS,https://www.facebook.com/CenterCityPCS,Tom OHara,Board Chair,Russ Williams,President & CEO,"Speight, Joseph",Principal,"1503 East Capitol Street SE
20003
(38.889808, -76.983534)"
Center City PCS - Congress Heights,Center City PCS – Congress Heights,8,8/31/15-6/17/16,www.centercitypcs.org,202-723-3322,@CenterCityPCS,https://www.facebook.com/CenterCityPCS,Tom OHara,Board Chair,Russ Williams,President & CEO,"White, Niya",Principal,"220 Highview Place SE
20032
(38.841675, -77.004301)"
Center City PCS - Petworth,Center City PCS – Petworth,4,8/31/15-6/17/16,www.centercitypcs.org,202-723-3322,@CenterCityPCS,https://www.facebook.com/CenterCityPCS,Tom OHara,Board Chair,Russ Williams,President & CEO,"Burgy, Nazo",Principal,"510 Webster Street NW
20011
(38.944153, -77.020593)"
Center City PCS - Shaw,Center City PCS – Shaw,6,8/31/15-6/17/16,www.centercitypcs.org,202-723-3322,@CenterCityPCS,https://www.facebook.com/CenterCityPCS,Tom OHara,Board Chair,Russ Williams,President & CEO,"Tyson, Brandy",Principal,"711 N Street NW
20001
(38.90723, -77.022657)"
Center City PCS - Trinidad,Center City PCS – Trinidad,5,8/31/15-6/17/16,www.centercitypcs.org,202-723-3322,@CenterCityPCS,https://www.facebook.com/CenterCityPCS,Tom OHara,Board Chair,Russ Williams,President & CEO,"Christian, Vernetta",Principal,"1217 West Virginia Avenue NE
20002
(38.905199, -76.99174)"
César Chávez PCS for Public Policy - Capitol Hill,César Chávez PCS for Public Policy – Capitol Hill,6,8/17/15-6/15/16,www.chavezschools.org,202-547-3424,@chavezschools,https://www.facebook.com/ChavezSchools,Kathy Bihr,Board Chair,Joan Massey; Dr. Marla Dean,CEO; Executive Director,Zenada Mahon,Principal,"709 12th Street SE
20003
(38.880756, -76.990245)"
César Chávez PCS for Public Policy - Chávez Prep,César Chávez PCS for Public Policy – Chávez Prep,1,8/17/15-6/15/16,www.chavezschools.org,202-723-3975,@chavezschools,facebook.com/ChavezSchools,Kathy Bihr,Board Chair,Joan Massey; Dr. Marla Dean,CEO; Executive Director,Robert McCarty,Principal,"770 Kenyon Street NW
20010
(38.929844, -77.025622)"
César Chávez PCS for Public Policy - Parkside High School,César Chávez PCS for Public Policy – Parkside High School,7,8/17/15-6/15/16,www.chavezschools.org,202-398-2230,@chavezschools,facebook.com/ChavezSchools,Kathy Bihr,Board Chair,Joan Massey; Dr. Marla Dean,CEO; Executive Director,William Massey,Principal,"3701 Hayes Street NE
20019
(38.904516, -76.95185)"
César Chávez PCS for Public Policy - Parkside Middle School,César Chávez PCS for Public Policy – Parkside Middle School,7,8/17/15-6/15/16,www.chavezschools.org,202-398-2230,@chavezschools,facebook.com/ChavezSchools,Kathy Bihr,Board Chair,Joan Massey; Dr. Marla Dean,CEO; Executive Director,Erin Fisher,Principal,"3701 Hayes Street NE
20019
(38.904516, -76.95185)"
Children's Guild DC PCS,Children's Guild DC PCS,5,9/8/15-6/22/15,www.tcgdc.org,202-568-1322,N/A,N/A,Jawauna Greene,Board Chair,Duane Arbogast,Chief Operating Officer,Hillary Garner,Principal,"2146 24th Place NE
20018
(38.920899, -76.971879)"
Community College Preparatory Academy PCS,Community College Preparatory Academy PCS,8,,www.ccprep-academy.org,202- 610- 5780,N/A,N/A,LaRuby May,Board Chair,C. Vannessa Spinner,Executive Director/Head of School,C. Vannessa Spinner,Executive Director,"2405 Martin Luther King Avenue SE
20020
(38.86265, -76.992421)"
Creative Minds International PCS,Creative Minds International PCS,5,8/24/15-6/15-16,www.creativemindspcs.org,202-588-0370,N/A,N/A,Melanie Bowen,Board Chair,"Golnar Abedin, Ph.D.",Founder/Head of School,"Golnar Abedin, Ph.D.",Founder/Head of School,"3700 North Capitol Street
NW 20011
(38.93656, -77.00703)"
DC Bilingual PCS,DC Bilingual PCS,5,8/24/15-6/17/16,www.dcbilingual.org,,@CentroNia,https://www.facebook.com/DCBilingual?fref=ts,Susie Rosenbaum,Board Chair,Daniela Anello,Interim Principal,Daniela Anello,Head of School,"33 Riggs Road NE
20011
(38.955013, -77.0079)"
DC Prep PCS - Anacostia Elementary,DC Prep PCS – Anacostia Elementary,8,8/31/15-6/16/16,www.dcprep.org,,@DCPrep,facebook.com/dcprep,Le Roy (Terry) Eakin III,Board Chair,Emily Lawson,CEO,Maria-Teresa Duvall,Principal,"1102 W Street SE
20020
(38.865352, -76.990627)"
DC Prep PCS - Benning Elementary,DC Prep PCS – Benning Elementary,7,8/31/15-6/16/16,www.dcprep.org,202-398-2838,@DCPrep,facebook.com/dcprep,Le Roy (Terry) Eakin III,Board Chair,Emily Lawson,CEO,Raymond Weeden,Principal,"100 41st Street NE
20019
(38.890853, -76.944574)"
DC Prep PCS - Benning Middle,DC Prep PCS – Benning Middle,7,8/31/15-6/16/16,www.dcprep.org,202-396-3780,@DCPrep,facebook.com/dcprep,Le Roy (Terry) Eakin III,Board Chair,Emily Lawson,CEO,Erin Waldron,Principal,"100 41st Street NE
20019
(38.890853, -76.944574)"
DC Prep PCS - Edgewood Elementary,DC Prep PCS – Edgewood Elementary,5,8/31/15-6/16/16,www.dcprep.org,202-635-4411,@DCPrep,facebook.com/dcprep,Le Roy (Terry) Eakin III,Board Chair,Emily Lawson,CEO,Shaunte Edmonds,Principal,"707 Edgewood Street NE
20017
(38.925387, -76.995543)"
DC Prep PCS - Edgewood Middle,DC Prep PCS – Edgewood Middle,5,8/31/15-6/16/16,www.dcprep.org,202-832-5700,@DCPrep,facebook.com/dcprep,Le Roy (Terry) Eakin III,Board Chair,Emily Lawson,CEO,Cassie Pergament,Principal,"701 Edgewood Street NE
20017
(38.925245, -76.995587)"
DC Scholars PCS,DC Scholars PCS,7,8/24/15-6/21/15,www.dcscholars.org,202-559-6138,@DCScholarsPCS,https://www.facebook.com/pages/DC-Scholars-Public-Charter-School/101768606613939?fref=ts,Mieka Wick,Board Chair,Lars Beck,Executive Director,Rebecca Crouch,Principal,"5601 East Capitol Street SE
20019
(38.889683, -76.921749)"
Democracy Prep Congress Heights Public Charter School,Democracy Prep Congress Heights PCS,8,8/17/15-6/17/16,www.democracyprep.org/,202-561-0860,@DemocracyPrep,https://www.facebook.com/DemocracyPrepPublicSchools,Brandon Wright,Board Chair,Sean Reidy,Executive Director,Lakeala Jones,Principal,"3100 Martin Luther King Avenue SE
20032
(38.843998, -76.998318)"
District of Columbia International School,District of Columbia International School,1,8/31/15-6/17/16,www.dcinternationalschool.org,202-808-9033,@dcischool,www.facebook.com/dcinternationalschool,Diane Cottman,Board Chair,Mary Shaffner,Executive Director,Simon Rodberg,Principal,"3220 16th Street NW
20010
(38.931377, -77.036465)"
E.L. Haynes PCS - Elementary School,E.L. Haynes PCS – Elementary School,4,8/10/15-6/17/16,www.elhaynes.org,202-667-4446,@ELHaynesPCS,https://www.facebook.com/pages/EL-Haynes-Public-Charter-School/23357791680,Abigail Smith,Board Chair,Shivam Mallick Shah,Interim Executive Director,Brittany Wagner-Friel,Principal,"4501 Kansas Avenue NW
20011
(38.945152, -77.02348)"
E.L. Haynes PCS - High School,E.L. Haynes PCS – High School,4,8/10/15-6/17/16,www.elhaynes.org,202-667-4446,@ELHaynesPCS,https://www.facebook.com/pages/EL-Haynes-Public-Charter-School/23357791680,Abigail Smith,Board Chair,Shivam Mallick Shah,Interim Executive Director,Elizabeth Simpson,Principal,"4501 Kansas Avenue NW
20011
(38.945152, -77.02348)"
E.L. Haynes PCS - Middle School,E.L. Haynes PCS – Middle School,1,8/10/15-6/17/16,www.elhaynes.org,202-667-4446,@ELHaynesPCS,https://www.facebook.com/pages/EL-Haynes-Public-Charter-School/23357791680,Abigail Smith,Board Chair,Shivam Mallick Shah,Interim Executive Director,Myron Long,Principal,"3600 Georgia Avenue NW
20010
(38.934436, -77.024019)"
Eagle Academy PCS at Capitol Riverfront,Eagle Academy PCS at Capitol Riverfront,6,8/24/15-6/8/16,www.eagleacademypcs.org,202-459-6825,@eagleacademypcs,https://www.facebook.com/EagleAcademyPCS,Dr. Kerry Lewis,Board Chair,Cassandra S. Pinkney,Founder/Executive Director,Royston Lyttle,Principal,"1017 New Jersey Avenue SE
20003
(38.87808, -77.004743)"
Eagle Academy PCS at Congress Heights,Eagle Academy PCS at Congress Heights,8,8/24/15-6/8/16,www.eagleacademypcs.org,202-544-2646,@eagleacademypcs,https://www.facebook.com/EagleAcademyPCS,Dr. Kerry Lewis,Board Chair,Cassandra S. Pinkney,Founder/Executive Director,Melanie Leonard (PreK3-K); Sharise Whitfield (1st-3rd),Principal,"3400 Wheeler Road SE
20032
(38.840605, -76.993666)"
Early Childhood Academy PCS,Early Childhood Academy PCS,8,8/24/15-6/15/16,www.ecapcs.org,202-373-0035,N/A,https://www.facebook.com/ECAPCSDC,Dennis Sawyers,Board President,Wendy Edwards,Executive Director,Thann Ingraham,Principal,"4025 9th St SE
20032
(38.831979, -76.99041)"
Elsie Whitlow Stokes Community Freedom PCS,Elsie Whitlow Stokes Community Freedom PCS,5,8/24/15-6/15/16,www.ewstokes.org,202-265-7237,@StokesSchool,https://www.facebook.com/StokesSchool,Erica McGrady,Board Chair,Erika Bryant,Executive Director,"Maura Varley-Gutierrez, Ph.D.",Director of Teaching and Learning,"3700 Oakview Terrace NE
20017
(38.93563, -76.989929)"
Excel Academy PCS - DREAM,Excel Academy PCS – DREAM,8,8/21/15-6/17/16,www.excelpcs.org,202-373-0097,@ExcelAcademyPCS,facebook.com/ExcelAcademyPCS,Deborah Lockhart,Board Chair,Nicole Walker,Principal / Head of School,Nicole Walker,Principal / Head of School,"2501 Martin Luther King Jr Avenue SE
20020
(38.861242, -76.993993)"
Excel Academy PCS - LEAD,Excel Academy PCS – LEAD,8,8/21/15-6/17/16,www.excelpcs.org,202-373-0097,@ExcelAcademyPCS,facebook.com/ExcelAcademyPCS,Deborah Lockhart,Board Chair,Nicole Walker,Principal / Head of School,Nicole Walker,Principal / Head of School,"2501 Martin Luther King Jr Avenue SE
20020
(38.861242, -76.993993)"
Friendship PCS - Armstrong,Friendship PCS - Armstrong,5,8/24/15-6/17/16,www.friendshipschools.org,202-572-1070,@FriendshipPCS,facebook.com/pages/Friendship-Public-Charter-School/133263133245,Donald L. Hense,Chairman,Pat Brantley; Kimberly Campbell;Tamika Maultsby,COO; COS; DCOS,Jeff Scanlon,Principal,"1400 First Street NW
20001
(38.909118, -77.012166)"
Friendship PCS - Blow-Pierce Elementary,Friendship PCS – Blow-Pierce Elementary,7,8/24/15-6/17/16,www.friendshipschools.org,202-572-1070,@FriendshipPCS,facebook.com/pages/Friendship-Public-Charter-School/133263133245,Donald L. Hense,Chairman,Pat Brantley; Kimberly Campbell;Tamika Maultsby,COO; COS; DCOS,Dr. Jeffrey Grant,Principal,"725 19th Street NE
20002
(38.897822, -76.976801)"
Friendship PCS - Blow-Pierce Middle,Friendship PCS – Blow-Pierce Middle,7,8/24/15-6/17/16,www.friendshipschools.org,202-572-1070,@FriendshipPCS,facebook.com/pages/Friendship-Public-Charter-School/133263133245,Donald L. Hense,Chairman,Pat Brantley; Kimberly Campbell;Tamika Maultsby,COO; COS; DCOS,Dr. Jeffrey Grant,Principal,"725 19th Street NE
20002
(38.897822, -76.976801)"
Friendship PCS - Chamberlain Elementary,Friendship PCS – Chamberlain Elementary,6,8/24/15-6/17/16,www.friendshipschools.org,202-547-5800,@FriendshipPCS,facebook.com/pages/Friendship-Public-Charter-School/133263133245,Donald L. Hense,Chairman,Pat Brantley; Kimberly Campbell;Tamika Maultsby,COO; COS; DCOS,Morrise Harbour,Principal,"1345 Potomac Avenue SE
20003
(38.879798, -76.986776)"
Friendship PCS - Chamberlain Middle,Friendship PCS – Chamberlain Middle,6,8/24/15-6/17/16,www.friendshipschools.org,202-547-5800,@FriendshipPCS,facebook.com/pages/Friendship-Public-Charter-School/133263133245,Donald L. Hense,Chairman,Pat Brantley; Kimberly Campbell;Tamika Maultsby,COO; COS; DCOS,Morrise Harbour,Principal,"1345 Potomac Avenue SE
20003
(38.879798, -76.986776)"
Friendship PCS - Collegiate Academy,Friendship PCS – Collegiate Academy,7,8/24/15-6/17/16,www.friendshipschools.org,202-396-5500,@FriendshipPCS,facebook.com/pages/Friendship-Public-Charter-School/133263133245,Donald L. Hense,Chairman,Pat Brantley; Kimberly Campbell;Tamika Maultsby,COO; COS; DCOS,Dwan Jordan,Principal,"4095 Minnesota Avenue NE
20019
(38.897591, -76.946921)"
Friendship PCS - Online,Friendship PCS - Online,0,8/24/15-6/17/16,www.friendshipschools.org,(202) 281-1700,@FriendshipPCS,facebook.com/pages/Friendship-Public-Charter-School/133263133245,Donald L. Hense,Chairman,Donald Hense,CEO,Tracy Sloane,Principal,"1351 Nicholson Street NW
20011
(38.960221, -77.032011)"
Friendship PCS - Southeast Elementary Academy,Friendship PCS – Southeast Elementary Academy,8,8/24/15-6/17/16,www.friendshipschools.org,202-562-1980,@FriendshipPCS,facebook.com/pages/Friendship-Public-Charter-School/133263133245,Donald L. Hense,Chairman,Pat Brantley; Kimberly Campbell;Tamika Maultsby,COO; COS; DCOS,Angela Morton,Principal,"645 Milwaukee Place SE
20032
(38.84804, -76.997037)"
Friendship PCS - Technology Preparatory Academy,Friendship PCS – Technology Preparatory Academy,8,8/24/15-6/17/16,www.friendshipschools.org,202-552-5700,@FriendshipPCS,facebook.com/pages/Friendship-Public-Charter-School/133263133245,Donald L. Hense,Chairman,Pat Brantley; Kimberly Campbell;Tamika Maultsby,COO; COS; DCOS,Patrick Pope (Grades 6-8)and Doranna Tindle (Grades 9-11),Principal,"2705 Martin Luther King Ave
SE 20032
"
Friendship PCS - Woodridge Elementary,Friendship PCS – Woodridge Elementary,5,8/24/15-6/17/16,www.friendshipschools.org,202-635-6500,@FriendshipPCS,facebook.com/pages/Friendship-Public-Charter-School/133263133245,Donald L. Hense,Chairman,Pat Brantley; Kimberly Campbell;Tamika Maultsby,COO; COS; DCOS,Rictor Craig,Principal,"2959 Carlton Avenue NE
20018
(38.92988, -76.96661)"
Friendship PCS - Woodridge Middle,Friendship PCS – Woodridge Middle,5,8/24/15-6/17/16,www.friendshipschools.org,202-635-6500,@FriendshipPCS,facebook.com/pages/Friendship-Public-Charter-School/133263133245,Donald L. Hense,Chairman,Pat Brantley; Kimberly Campbell;Tamika Maultsby,COO; COS; DCOS,Rictor Craig,Principal,"2959 Carlton Avenue NE
20018
(38.92988, -76.96661)"
Goodwill Excel Center PCS,Goodwill Excel Center PCS,2,Opening August 2016,,,,,,,,,,,
Harmony DC PCS - School of Excellence,Harmony DC PCS – School of Excellence,5,8/24/15-6/9/16,www.harmonydcpcs.org,202-529-7500,@Harmonydcpcs,www.facebook.com/harmonydc,Soner Tarim,Board Chair,Emin Cavusoglu,CEO/Head of School,Emin Cavusoglu,CEO/Head of School,"62 T St NE
20002
(38.915577, -77.006376)"
Hope Community PCS - Lamond,Hope Community PCS – Lamond,4,8/24/15-6/16/16,www.hopecommunitycs.org,202-722-4421,N/A,https://www.facebook.com/pages/Imagine-Hope-Community-Charter-School-Lamond/225388557513830,James Kemp,Board Chair,Dr. Chloe Marshall,Regional Vice President for DC Cmpuses,Diana Tharpe,Principal,"6200 Kansas Avenue NE
20011
(38.965807, -77.008143)"
Hope Community PCS - Tolson,Hope Community PCS – Tolson,5,8/24/15-6/16/16,www.hopecommunitycs.org,202-832-7370,@ImagineHopeTols,https://www.facebook.com/pages/Imagine-Hope-Community-Charter-School-Tolson-Campus/315226875202347,James Kemp,Board Chair,Dr. Chloe Marshall,Regional Vice President for DC Cmpuses,Camille Darden,Principal,"2917 8th Street NE
20017
(38.927052, -76.994954)"
Howard University Math and Science PCS,Howard University Middle School of Mathematics and Science PCS,1,8/31/15-6/19/16,www.howard.edu/ms2,202-806-7725,N/A,https://www.facebook.com/pages/Howard-University-Middle-School-of-Mathematics-Science/91967853595,Mr Wendell Johns,Board Chair,Sue White,Executive Director,?,Principal,"405 Howard Place NW
20059
(38.92271, -77.018482)"
Ideal Academy PCS,Ideal Academy PCS,4,8/24/15-6/17/16,www.iapcs.com,202-729-6660,N/A,N/A,Percy Wilson,Board Chair,"George H. Rutherford II, Ph.D.",Executive Director,"George H. Rutherford II, Ph.D.",Principal,"6130 North Capitol Street NW
20011
(38.965142, -77.009092)"
Ingenuity Prep PCS,Ingenuity Prep PCS,8,8/20/15-6/17/16,www.ingenuityprep.org,202-562-0391,@ingenuityprep,https://www.facebook.com/IngenuityPrep,Peter Winik,Board Chair,Aaron Cuny,Head of School,Aaron Cuny,Head of School,"4600 Livingston Road SE
20032
(38.823873, -77.002184)"
Inspired Teaching Demonstration PCS,Inspired Teaching Demonstration PCS,5,8/26/15-6/15/16,www.inspiredteachingschool.org,202-248-6825,@InspiredSchool,https://www.facebook.com/pages/The-Inspired-Teaching-Demonstration-School/147504981971276#!/pages/The-Inspired-Teaching-Demonstration-School/147504981971276,Marc Fisher,Board Chair,Deborah Dantzler Williams,Head of School,Zoe Duskin,"Principal, Lower School","200 Douglas Street NE
20002
(38.923449, -77.002842)"
Integrated Design Electronics Academy PCS,IDEA PCS,7,8/24/15-6/16/16,www.ideapcs.org,202-399-4750,@IDEA_PCS,facebook.com/IDEAPCSpage,David Owens,Board Chairman,Justin Rydstrom,Executive Director,Justin Rydstrom,Executive Director,"1027 45th Street NE
20019
(38.904111, -76.937474)"
Kingsman Academy PCS,Kingsman Academy PCS,6,8/24/15-6/23/16,www.kingsmanacademy.org,(202) 547-1028,?,?,Steve Messner,President & Chair,Shannon Hodge,Executive Director,?,?,"1375 E Street NE
20002
(38.896104, -76.986557)"
KIPP DC - AIM Academy PCS,KIPP DC – AIM Academy PCS,8,8/10/15-6/16/16,www.kippdc.org,202-678-5477,@KIPPdc,https://www.facebook.com/KIPPDC,Terry Golden,Board Chair,Susan Schaeffler; Amanda Borden; Allison Fansler,Founder/CEO; Policy Director and Senior Advisor; President and COO,Kristy Ochs,School Leader,"2600 Douglass Road SE
20020
(38.857316, -76.98723)"
KIPP DC - Arts & Technology Academy PCS,KIPP DC – Arts & Technology Academy PCS,7,8/10/15-6/16/16,www.kippdc.org,202-398-6811,@KIPPdc,https://www.facebook.com/KIPPDC,Terry Golden,Board Chair,Susan Schaeffler; Amanda Borden; Allison Fansler,Founder/CEO; Policy Director and Senior Advisor; President and COO,Allison Artis,School Leader,"5300 Blaine Street NE
20019
(38.891694, -76.9255)"
KIPP DC - College Preparatory PCS,KIPP DC – College Preparatory PCS,8,8/24/15-6/17/16,www.kippdc.org,202-678-2527,@KIPPdc,https://www.facebook.com/KIPPDC,Terry Golden,Board Chair,Susan Schaeffler; Amanda Borden; Allison Fansler,Founder/CEO; Policy Director and Senior Advisor; President and COO,Jessica Cunningham,School Leader,"1405 Brentwood Parkway NE
20002
(38.909672, -76.995739)"
KIPP DC - Connect Academy PCS,KIPP DC – Connect Academy PCS,5,8/10/15-6/16/16,www.kippdc.org,202-396-5477,@KIPPdc,https://www.facebook.com/KIPPDC,Terry Golden,Board Chair,Susan Schaeffler; Amanda Borden; Allison Fansler,Founder/CEO; Policy Director and Senior Advisor; President and COO,Donny Tiengtum,School Leader,"1375 Mount Olivet Road NE
20002
(38.908236, -76.980749)"
KIPP DC - Discover Academy PCS,KIPP DC – Discover Academy PCS,8,8/10/15-6/16/16,www.kippdc.org,202-678-7735,@KIPPdc,https://www.facebook.com/KIPPDC,Terry Golden,Board Chair,Susan Schaeffler; Amanda Borden; Allison Fansler,Founder/CEO; Policy Director and Senior Advisor; President and COO,Philonda Johnson,Principal,"2600 Douglass Road SE
20020
(38.857316, -76.98723)"
KIPP DC - Grow Academy PCS,KIPP DC – Grow Academy PCS,6,8/10/15-6/16/16,www.kippdc.org,202-986-4769,@KIPPdc,https://www.facebook.com/KIPPDC,Terry Golden,Board Chair,Susan Schaeffler; Amanda Borden; Allison Fansler,Founder/CEO; Policy Director and Senior Advisor; President and COO,Lauren Ellis,School Leader,"421 P Street NW
20001
(38.909635, -77.017369)"
KIPP DC - Heights Academy PCS,KIPP DC – Heights Academy PCS,8,8/10/15-6/16/16,www.kippdc.org,202-610-5323,@KIPPdc,https://www.facebook.com/KIPPDC,Terry Golden,Board Chair,Susan Schaeffler; Amanda Borden; Allison Fansler,Founder/CEO; Policy Director and Senior Advisor; President and COO,Gaelan Gallagher,School Leader,"2600 Douglass Road SE
20020
(38.857316, -76.98723)"
KIPP DC - KEY Academy PCS,KIPP DC – KEY Academy PCS,7,8/10/15-6/16/16,www.kippdc.org,202-582-5477,@KIPPdc,https://www.facebook.com/KIPPDC,Terry Golden,Board Chair,Susan Schaeffler; Amanda Borden; Allison Fansler,Founder/CEO; Policy Director and Senior Advisor; President and COO,David Ayala,School Leader,
KIPP DC - Lead Academy PCS,KIPP DC – Lead Academy PCS,6,8/10/15-6/16/16,www.kippdc.org,202-223-4505,@KIPPDCLE,https://www.facebook.com/KIPPDC,Terry Golden,Board Chair,Susan Schaeffler; Amanda Borden; Allison Fansler,Founder/CEO; Policy Director and Senior Advisor; President and COO,Mekia Love,School Leader,"421 P Street NW
20001
(38.909635, -77.017369)"
KIPP DC - LEAP Academy PCS,KIPP DC – LEAP Academy PCS,7,8/10/15-6/16/16,www.kippdc.org,202-582-5327,@KIPPdc,https://www.facebook.com/KIPPDC,Terry Golden,Board Chair,Susan Schaeffler; Amanda Borden; Allison Fansler,Founder/CEO; Policy Director and Senior Advisor; President and COO,Abraham Clayman,School Leader,"4801 Benning Road SE
20019
(38.882495, -76.933802)"
KIPP DC - Northeast Academy PCS,KIPP DC – Northeast Academy PCS,5,8/10/15-6/16/16,www.kippdc.org,202-398-5477,@KIPPdc,https://www.facebook.com/KIPPDC,Terry Golden,Board Chair,Susan Schaeffler; Amanda Borden; Allison Fansler,Founder/CEO; Policy Director and Senior Advisor; President and COO,John Barnhardt,School Leader,"1375 Mount Olivet Road NE
20002
(38.908236, -76.980749)"
KIPP DC - Promise Academy PCS,KIPP DC – Promise Academy PCS,7,8/10/15-6/16/16,www.kippdc.org,202-582-1390,@KIPPdc,https://www.facebook.com/KIPPDC,Terry Golden,Board Chair,Susan Schaeffler; Amanda Borden; Allison Fansler,Founder/CEO; Policy Director and Senior Advisor; President and COO,Andhra Lutz,School Leader,"4801 Benning Road SE
20019
(38.882495, -76.933802)"
KIPP DC - Quest Academy PCS,KIPP DC – Quest Academy PCS,7,8/10/15-6/16/16,www.kippdc.org,202-397-5477,@KIPPdc,https://www.facebook.com/KIPPDC,Terry Golden,Board Chair,Susan Schaeffler; Amanda Borden; Allison Fansler,Founder/CEO; Policy Director and Senior Advisor; President and COO,Cherese Brauer,School Leader,"5300 Blaine Street NE
20019
(38.891694, -76.9255)"
KIPP DC - Spring Academy PCS,KIPP DC – Spring Academy PCS,5,8/10/15-6/16/16,www.kippdc.org,202-397-5477,@KIPPdc,https://www.facebook.com/KIPPDC,Terry Golden,Board Chair,Susan Schaeffler; Amanda Borden; Allison Fansler,Founder/CEO; Policy Director and Senior Advisor; President and COO,Lindsey Hoy,School Leader,"1375 Mount Olivet Road NE
20002
(38.908236, -76.980749)"
KIPP DC – Valor Academy PCS,KIPP DC – Valor Academy PCS,7,8/10/15-6/16/16,www.kippdc.org,202-397-5477,@KIPPdc,https://www.facebook.com/KIPPDC,Terry Golden,Board Chair,Susan Schaeffler; Amanda Borden; Allison Fansler,Founder/CEO; Policy Director and Senior Advisor; President and COO,Gillian Connor,School Leader,"5300 Blaine Street NE
20019
(38.891694, -76.9255)"
KIPP DC - WILL Academy PCS,KIPP DC – WILL Academy PCS,6,8/10/15-6/16/16,www.kippdc.org,202-328-9455,@KIPPdc,https://www.facebook.com/KIPPDC,Terry Golden,Board Chair,Susan Schaeffler; Amanda Borden; Allison Fansler,Founder/CEO; Policy Director and Senior Advisor; President and COO,Tiffanie Williams,School Leader,"421 P Street NW
20001
(38.909635, -77.017369)"
Latin American Montessori Bilingual PCS,Latin American Montessori Bilingual PCS [Missouri],4,8/31/15-6/17/16,www.lambpcs.org,202-726-6200,@LAMBPCS,https://www.facebook.com/LAMBPCS,Barrie Lynn Tapia,Board Chair,Diane Cottman,Executive Director,Cristina Encinas,Principal,"1375 Missouri Avenue NW
20011
(38.961939, -77.032432)"
Latin American Montessori Bilingual PCS,Latin American Montessori Bilingual PCS [South Dakota],5,8/31/15-6/17/16,www.lambpcs.org,202-525-5105,@LAMBPCS,https://www.facebook.com/LAMBPCS,Barrie Lynn Tapia,Board Chair,Diane Cottman,Executive Director,Cristina Encinas,Principal,"1800 Perry Street NE
20018
(38.936172, -76.979833)"
LAYC Career Academy PCS,LAYC Career Academy PCS,1,,www.laycca.org,202-319-2228,@THELAYC,facebook.com/layccareeracademy,Ken Robinson,Board Chair,Nicole Hanrahan,Executive Director,Angela Stepancic,Principal,"3047 15th Street NW
20009
(38.928483, -77.036087)"
Lee Montessori Public Charter School,Lee Montessori PCS,5,8/24/15-6/15/16,www.leemontessori.org,202-779-9740,@LeeMontessori,https://www.facebook.com/LMPCS,Dominique Fortune,Board Chair,Chris Pencikowski,Head of School,Megan Hubbard,Principal,"301 Douglas Street NE
20002
(38.92344, -77.001605)"
Mary McLeod Bethune Day Academy PCS,Mary McLeod Bethune Day Academy PCS,5,8/31/15-8/31/15,www.mmbethune.org,202-459-4710 ext. 600,@MMBDAPCS,https://www.facebook.com/MMBDAPCS,Valerie Smith,Board Chair,Linda McKay,Executive Director,Jubria Lewis,Principal,"1404 Jackson Street NE
20017
(38.929847, -76.98547)"
Mary McLeod Bethune Day Academy PCS,Mary McLeod Bethune Day Academy PCS [16th St],4,8/31/15-8/31/15,www.mmbethune.org,202-459-4710 ext. 600,@MMBDAPCS,https://www.facebook.com/MMBDAPCS,Valerie Smith,Board Chair,Linda McKay,Executive Director,Jubria Lewis,Principal,"5412 16th Street NW
20011
(38.95561, -77.036452)"
Maya Angelou - Young Adult Learning Centre,Maya Angelou PCS – Young Adult Learning Center,7,9/1/15-8/5/16,www.seeforever.org,202-289-8898,@MayaSchools,https://www.facebook.com/seeforeverfoundation,Jane Dimyan-Ehrenfeld,Board Chair,"Heather D. Wathington, PhD",Chief Executive Officer,Sarah Navarro,Director,"5600 East Capitol Street NE
20019
(38.889795, -76.921881)"
Maya Angelou PCS - Evans High School,Maya Angelou PCS – High School,7,8/31/15-6/16/16,www.seeforever.org,202-379-4335,@MayaSchools,https://www.facebook.com/seeforeverfoundation,Jane Dimyan-Ehrenfeld,Board Chair,"Heather D. Wathington, PhD",Chief Executive Officer,Tameika Ashford,Principal,"5600 East Capitol Street NE
20019
(38.889795, -76.921881)"
Meridian PCS,Meridian PCS [13th Street],1,8/24/15-6/17/16,www.meridian-dc.org,202-387-9830,@meridianpcs,facebook.com/pages/Meridian-Public-Charter-School/237392112967,Christopher Siddall,Board Chair,Tamara Cooper,Head of Schools,Michelle Taylor,Interim Principal,"2120 13th Street NW
20009
(38.918727, -77.02962)"
Meridian PCS,Meridian PCS [14th Street],1,8/24/15-6/17/16,www.meridian-dc.org,202-387-9830,@meridianpcs,facebook.com/pages/Meridian-Public-Charter-School/237392112967,Christopher Siddall,Board Chair,Tamara Cooper,Head of Schools,Michelle Taylor,Interim Principal,"3031 14th Street NW
20009
(38.928418, -77.032612)"
Monument Academy PCS,Monument Academy PCS,6,,www.monumentacademy.org,?,N/A,N/A,?,Board Chair,?,Executive Director,?,Principal,"500 19th Street NE
20002
(38.896118, -76.977263)"
Mundo Verde Bilingual PCS,Mundo Verde Bilingual PCS,5,8/26/15-6/15/16,www.mundoverdepcs.org,202 750-7060,@MundoVerdePCS,facebook.com/MundoVerdePCS,Sara Elliott,Board Chair,Kristin Scotchmer,Executive Director,Dahlia Aguilar,Principal,"30 P St NW
20001
(38.909643, -77.010225)"
National Collegiate Preparatory PCHS,National Collegiate Preparatory PCHS,8,8/31/15-6/16-16,www.nationalprepdc.org,202-832-7737,@NationalPrep,https://www.facebook.com/pages/National-Collegiate-Preparatory-Public-Charter/327711307752,Walter Pryor,Board Chair,"Jennifer L. Ross, MSW, LCSW",Founder & Executive Director,"Dr.Dianne Brown, Ed.D.",Chief Academic Officer,"4600 Livingston Road SE
20032
(38.823873, -77.002184)"
Next Step/El Próximo Paso PCS,The Next Step/El Próximo Paso PCS,1,,www.nextsteppcs.org,202-319-2249,@thenextsteppcs,https://www.facebook.com/TNSPCS,Rachel Sussman,Board Chair,Julie Meyer,Executive Director,Arturo Martinez,Day School Principal,"3047 15th Street NW
20009
(38.928483, -77.036087)"
Paul PCS - International High School,Paul PCS – International High School,4,8/25/15-6/16/16,www.paulcharter.org,202-291-7499,@PaulPCS,https://www.facebook.com/PaulPublicCharter,Roberta Colton,Board Chair,Jami Dunham,Chief Executive Officer,Kenya Wilson,Principal,"5800 8th Street NW
20011
(38.960164, -77.024192)"
Paul PCS - Middle School,Paul PCS – Middle School,4,8/25/15-6/16/16,www.paulcharter.org,202-291-7499,@PaulPCS,https://www.facebook.com/PaulPublicCharter,Roberta Colton,Board Chair,Jami Dunham,Chief Executive Officer,Danielle Singh,Principal,"5800 8th Street NW
20011
(38.960164, -77.024192)"
Perry Street Preparatory PCS,Perry Street Preparatory PCS,5,8/24/15-6/17/16,www.pspdc.org,202-529-4400,@PerryStreetPrep,https://www.facebook.com/PerryStreetPrep,Cynthia Brown,Board President,Shadwick Jenkins,Head of School,Rachal Crouch,Principal,"1800 Perry Street NE
20018
(38.936172, -76.979833)"
Potomac Preparatory PCS,Potomac Preparatory PCS,5,8/24/15-6/16/16,www.potomacprep.org,202-526-6003,@potomacprep,https://www.facebook.com/potomacprep,Nicholette Smith-Bligen,Board Chair,Dr. Marian Whitehood,Principal,Dr. Marian White-Hood,Principal,"4401 8th Street NE
20017
(38.942988, -76.994806)"
Richard Wright PCS for Journalism and Media Arts,Richard Wright PCS for Journalism and Media Arts,6,8/24/15-6/10/16,www.richardwrightpcs.org,202-388-1011,@RWPCSJMA,https://www.facebook.com/pages/Richard-Wright-Public-Charter-School-for-Journalism-and-Media-Arts/120875394605285?ref=hl,"Rhonda Wells-Wilbon, Ph.D.",Board Chair,"Marco Clark, Ph.D.",Head of School/CEO,"Marco Clark, Ph.D.",Founder/CEO/Head of School,"770 M Street SE
20003
(38.876539, -76.995354)"
Rocketship DC PCS,Rocketship DC PCS,8,Opening August 2016,www.rsed.org/dc/,202-750-6402,N/A,N/A,Joey Sloter,Board Chair,?,Executive Director,Josh Pacos,Principal,
Roots PCS,Roots PCS,4,9/8/15-6/17/15,www.rootspcs.org,202-882-8073,@RootsPCS,https://www.facebook.com/RootsPublicCharter,Gilda Sherrod-Ali,Board Chair,"Bernida Thompson, Ed.D.",Principal,"Bernida Thompson, Ed.D.",Founding Principal,"15 Kennedy Street NW
20011
(38.956576, -77.010205)"
"SEED PCS of Washington, DC","SEED PCS of Washington, DC",7,8/31/15-6/9/16,www.seedschooldc.org,202-248-7773,@TheSEEDSchoolDC,facebook.com/pages/The-SEED-School-of-Washington-DC/123730994320225,Vasco Fernandes,Board Chair,Dr. Adrian Manuel,Head of School,Sean McDonald,Principal,"4300 C Street SE
20019
(38.886536, -76.945327)"
Sela PCS,Sela PCS,4,8/24/15-6/17/16,www.selapcs.org,202-670-7352,@selapcs,https://www.facebook.com/SelaPCS,"Jessica Lieberman, Ph.D.",Board Chair,"Natalie Arthurs, Ph.D.",Head of School,"Natalie Arthurs, Ph.D.",Head of School,"6015 17 Chillum Place NE
20011
(38.962716, -77.006984)"
Shining Stars Montessori Academy PCS,Shining Stars Montessori Academy PCS,4,8/24/15-6/10/16,www.shiningstarspcs.org/,202-723-1467,@shiningstarpcs,facebook.com/ssmapcs,Allison Brown,Board Chair,Regina Rodriguez-Mitchell,Executive Director,Regina Rodriguez-Mitchell,Executive Director,"6017 Chillum Place NE
20011
(38.962716, -77.00698)"
Somerset Preparatory Academy PCS,Somerset Preparatory Academy PCS,8,8/24/15-6/10/16,www.somersetdc.com/,202-562-9104,@SomersetPrepDC,www.facebook.com/somersetprepdc,Jud Starr,Board Chair,James (Jim) Griffin,Principal/Chief Administrative Officer,James (Jim) Griffin,Principal,"3301 Wheeler Road SE
20032
(38.842164, -76.993957)"
St. Coletta Special Education PCS,St. Coletta Special Education PCS,7,8/25/15-7/28/16,www.stcoletta.org,202-350-8680,@STCOLETTASCHOOL,https://www.facebook.com/pages/St-Coletta-of-Greater-Washington/101618584490,Peggy OBrien,Board Chair,Sharon Raimo,Executive Director,Janice Corazza,Principal,"1901 Independence Avenue SE
20003
(38.88761, -76.973158)"
Thurgood Marshall Academy PCS,Thurgood Marshall Academy PCS,8,8/24/15-6/13/16,www.thurgoodmarshallacademy.org,202-563-6862,@TMAtalks,https://www.facebook.com/thurgoodmarshallacademy,Kannon Shanmugam,Board Chair,"Alexandra Pardo, Ed.D.",Executive Director,"Alexandra Pardo, Ed.D.",Academic Director,"2427 Martin Luther King Jr Avenue SE
20020
(38.862159, -76.993257)"
Two Rivers PCS,Two Rivers PCS [Elementary],6,8/31/15-6/17/16,www.tworiverspcs.org,202-546-4477,@TwoRiverPCS,https://www.facebook.com/tworiverspcs,Pam Jackson,President,Jessica Wodatch,Executive Director,Caroline Mwendwa-Baker,Elementary School Principal,"1227 4th Street NE
20002
(38.906741, -77.000576)"
Two Rivers PCS,Two Rivers PCS [Middle],6,8/31/15-6/17/16,www.tworiverspcs.org,202-543-8477,@TwoRiverPCS,https://www.facebook.com/tworiverspcs,Pam Jackson,President,Jessica Wodatch,Executive Director,Elaine Hou,Middle School Principal,"1234 4th Street NE
20002
(38.906375, -77.00056)"
Two Rivers PCS – Young,Two Rivers PCS – Young,5,8/31/15-6/17/16,www.tworiverspcs.org,202-388-1360,@TwoRiverPCS,https://www.facebook.com/tworiverspcs,Pam Jackson,President,Jessica Wodatch,Executive Director,Guye Turner,Principal,"820 26th Street NE
20002
(38.901856, -76.970218)"
Washington Global PCS,Washington Global PCS,6,8/24/15-6/28/15,www.washingtonglobal.org,Temp: (202) 534-7901,Washglobalpcs,Yes,"Teresa Curristine, Ph.D.",Board Chair,Elizabeth Torres. Ed.D.,Executive Director,"Candice Haney, Ed.D.",Principal,"525 School Street SW
20024
(38.883929, -77.019534)"
Washington Latin PCS - Middle School,Washington Latin PCS – Middle School,4,8/24/15-6/10/16,www.latinpcs.org,202-223-1111,@WLPCS,https://www.facebook.com/pages/Washington-Latin-Public-Charter-School/266576123388394,Chinesom Ejiasa,Board Chair,Martha Cutts,Head of School,Diana Smith,Principal,"5200 2nd Street NW
20011
(38.953318, -77.013516)"
Washington Latin PCS - Upper School,Washington Latin PCS – Upper School,4,8/24/15-6/10/16,www.latinpcs.org,202-223-1111,@WLPCS,https://www.facebook.com/pages/Washington-Latin-Public-Charter-School/266576123388394,Chinesom Ejiasa,Board Chair,Martha Cutts,Head of School,Diana Smith,Principal,"5200 2nd Street NW
20011
(38.953318, -77.013516)"
Washington Leadership Academy PCS,Washington Leadership Academy PCS,,Opening August 2016,,?,N/A,N/A,?,Board Chair,?,Executive Director,?,Principal,
Washington Mathematics Science Technology PCHS,Washington Mathematics Science Technology PCHS,5,8/31/15-6/17/16,www.wmstpchs.org,202-636-8011,N/A,N/A,Jeneen Y. Ramos,President,"NDeye Diagne, Ph.D.",Head of School,"NDeye Diagne, Ph.D.",Head of School,"1920 Bladensburg Road NE
20002
(38.916371, -76.973331)"
Washington Yu Ying PCS,Washington Yu Ying PCS,5,8/31/15-6/22/16,www.washingtonyuying.org,202-635-1950,@YuYingPCS,https://www.facebook.com/WashingtonYuYingPCS,Maurice Smith,Board Chair,Maquita Alexander,Head of School,Maquita Alexander,Head of School,"220 Taylor Street NE
20017
(38.94074, -77.004112)"
"William E. Doar, Jr. PCS for the Performing Arts","William E. Doar, Jr. PCS for the Performing Arts",5,8/24/15-6/16/16,www.wedjschool.us,202-269-4646,@WEDJPCS,facebook.com/PCSARTS,Cindy Gertz,Board Chair,Andrew Kirkland,Chief of Operations,Andrew Touchette,Resident Academic Leader,"705 Edgewood Street NE
20017
(38.925387, -76.995543)"
YouthBuild PCS,YouthBuild PCS,1,9/9/15-6/24/16,www.youthbuildpcs.org,202-319-0141,@youthbuildpcs,https://www.facebook.com/youthbuildpcs,Mark Jordan,Board Chair,Andrew Touchette,Head of School,Andrew Touchette,Principal,"3014 14th Street NW
20009
(38.927803, -77.032536)"
