Agency,School,Address,maxOccupancy,ProjectPhase,YrComplete,Level, totalSQFT ,ProjectType,MajorExp9815,TotalAllotandPlan1621,LifetimeBudget,unqBuilding,longitude,latitude,Ward,FeederMS,FeederHS,Total.Enrolled,Limited.English.Proficient,At_Risk,SPED,AtRiskPer,SPEDPer,ESLPer,SqFtPerEnroll,SpentPerMaxOccupancy,SpentPerSqFt,YearsOpen,Open,Open.Now,AnnualExpenseAverage,AnnualSpentPerMaxOccupany,AnnualSpentPerSqFt,
PCS,Academy of Hope Adult PCS,"
421 Alabama Avenue, SE",186,NA,NA,ADULT," 21,375 ",Facility Allowance,786432,NA,NA,0,-76.9998836,38.842743,8,NA,NA,256,0,0,0,0,0,0,83,4228.129032,37,1,2015,1,786432,4228.129032,36.79214035,
PCS,Academy of Hope Adult PCS,"601 Edgewood Street, NE",186,NA,NA,ADULT," 21,375 ",Facility Allowance,786432,NA,NA,0,-76.9971713,38.9237975,5,NA,NA,256,0,0,0,0,0,0,83,4228.129032,37,1,2015,1,786432,4228.129032,36.79214035,
PCS,Achievement Preparatory PCS-Elementary,"1500 Mississippi Avenue, SE",NA,NA,NA,ES," 23,302 ",Facility Allowance,3963509,NA,NA,1,-76.9836028,38.8416964,8,NA,NA,267,1,132,23,0.494382022,0.086142322,0.003745318,87,NA,170,7,2009,1,566215.5714,NA,24.29901173,
PCS,Achievement Preparatory PCS-Middle School,"908 Wahler Place, SE",519,NA,NA,MS," 33,177 ",Facility Allowance,2316432,NA,NA,1,-76.9924085,38.834427,8,NA,NA,381,0,192,51,0.503937008,0.133858268,0,87,4463.260116,70,2,2014,1,1158216,2231.630058,34.91020888,
DCPS,Aiton ES,533 48th Pl  NE,442,Phase 0,NA,ES," 57,100 ",STABILIZED,8916,12115000,14515000,1,-76.93370092,38.89700148,7,Kelly Miller MS,Woodson HS,262,1,214,42,0.816793893,0.160305344,0.003816794,218,20.1719457,0,NA,NA,1,NA,NA,NA,
DCPS,Amidon-Bowen ES,401 Eye St  SW,400,Phase I,2012,ES," 70,800 ",PARTIAL MOD,5993305,0,5993305,1,-77.0181253,38.87951507,6,Jefferson Acad. MS,Eastern HS,345,6,254,90,0.736231884,0.260869565,0.017391304,205,14983.2625,85,NA,NA,1,NA,NA,NA,
DCPS,Anacostia HS,1601 16th St  SE,837,Full,2012,HS," 204,992 ",FULL MOD," $68,228,069 ",0,68860993,1,-76.98307725,38.87008373,8,,,661,0,586,186,0.886535552,0.281391831,0,310,81515.01673,333,NA,NA,1,NA,NA,NA,
PCS,AppleTree Early Learning Center PCS Columbia Heights,"2750 14th Street, NW ",188,NA,NA,PK3-K," 12,204 ",Facility Allowance,3156647,NA,NA,1,-77.0326704,38.9252369,1,NA,NA,163,37,58,10,0.355828221,0.061349693,0.226993865,75,16790.67553,259,8,2008,1,394580.875,2098.834441,32.33209399,
PCS,AppleTree Early Learning Center PCS Lincoln Park,"138 12th Street, NE",73,NA,NA,PK3-K," 8,975 ",Facility Allowance,1182840,NA,NA,1,-76.9905578,38.8914903,6,NA,NA,60,2,5,5,0.083333333,0.083333333,0.033333333,150,16203.28767,132,8,2008,1,147855,2025.410959,16.47409471,
PCS,AppleTree Early Learning Center PCS Oklahoma,"320 21st Street, NE",218,NA,NA,PK3-K," 15,866 ",Facility Allowance,2327592,NA,NA,1,-76.9750541,38.8940003,7,NA,NA,161,3,80,4,0.49689441,0.02484472,0.01863354,99,10677.02752,147,5,2011,1,465518.4,2135.405505,29.34062776,
PCS,AppleTree Early Learning Center PCS Southwest,"801 7th Street, SW",158,NA,NA,PK3-K," 6,162 ",Facility Allowance,736320,NA,NA,1,-77.0229317,38.8798501,6,NA,NA,86,4,41,2,0.476744186,0.023255814,0.046511628,72,4660.253165,119,4,2012,1,184080,1165.063291,29.87341772,
PCS,AppleTree Early Learning PCS Southeast,"2011 Savannah Terrace, SE",230,NA,NA,PK3-K," 17,161 ",Facility Allowance,1560816,NA,NA,0,-76.972974,38.8494641,8,NA,NA,178,1,129,4,0.724719101,0.02247191,0.005617978,96,6786.156522,91,4,2012,1,390204,1696.53913,22.73783579,
PCS,AppleTree Early Learning PCS Southeast,"2017 Savannah Terrace, SE",230,NA,NA,PK3-K," 17,161 ",Facility Allowance,1560816,NA,NA,0,-76.9746704,38.8485617,8,NA,NA,178,1,129,4,0.724719101,0.02247191,0.005617978,96,6786.156522,91,4,2012,1,390204,1696.53913,22.73783579,
DCPS,Ballou HS,3401 4th St  SE,1520,Full,2015,HS," 356,000 ",FULL REPLACEMENT," $141,737,725 ",4007,162976011,0,-77.00097526,38.83938233,8,.,,755,0,644,276,0.852980132,0.365562914,0,472,93248.50329,398,NA,NA,1,NA,NA,NA,
DCPS,Ballou STAY,3401 4th St  SE,,Full,2015,HS, -   ,, $-   ,0,0,0,-77.00097526,38.83938233,8,NA,NA,591,0,0,52,0,0.087986464,0,602,93248.50329,398,NA,NA,1,NA,NA,NA,
DCPS,Bancroft ES,1755 Newton St  NW,563,Phase 0,NA,ES," 79,792 ",STABILIZED,1446450,59943000,66496000,1,-77.04055344,38.93431802,1,Deal MS,Wilson HS,508,279,181,54,0.356299213,0.106299213,0.549212598,157,2569.182948,18,NA,NA,1,NA,NA,NA,
DCPS,Barnard ES,430 Decatur St  NW,486,Full,2003,ES," 72,496 ",FULL REPLACEMENT,17867772,0,17867772,1,-77.01777708,38.94823061,4,Truesdell or West EC (6th-8th),Roosevelt HS,602,193,284,72,0.471760797,0.119601329,0.320598007,120,36764.96296,246,NA,NA,1,NA,NA,NA,
PCS,Basis DC PCS,"410 8th Street, NW",1062,NA,NA,MS/HS," 44,179 ",Facility Allowance,4551672,NA,NA,1,-77.0233079,38.8953055,6,NA,NA,551,0,48,23,0.087114338,0.041742287,0,80,4285.943503,103,3,2013,1,1517224,1428.647834,34.34265149,
DCPS,Beers ES,3600 Alabama Ave  SE,430,Phase I,2013,ES," 77,488 ",PARTIAL MOD,14813933,-24188,15123196,1,-76.95560475,38.86434951,7,Sousa MS,Anacostia HS,438,1,243,79,0.554794521,0.180365297,0.002283105,177,34451.00698,191,NA,NA,1,NA,NA,NA,
DCPS,Benjamin Banneker HS,800 Euclid St  NW,620,Phase 0,NA,HS," 180,000 ",STABILIZED,671104,77074000,78745104,1,-77.02397697,38.92383242,1,,,449,3,113,0,0.251670379,0,0.006681514,401,1082.425806,4,NA,NA,1,NA,NA,NA,
DCPS,bowen,NA,NA,NA,NA,NA," 71,900 ",STABILIZED,0,0,0,1,NA,NA,6,NA,NA,NA,NA,NA,NA,NA,NA,NA,NA,NA,0,NA,NA,0,NA,NA,NA,
DCPS,Brent ES,301 North Carolina Ave  SE,369,Phase I,2009,ES," 47,500 ",PARTIAL MOD,4475354,0,4485194,1,-77.00145985,38.88480087,6,Jefferson Acad. MS,Eastern HS,368,5,23,22,0.0625,0.059782609,0.013586957,129,12128.33062,94,NA,NA,1,NA,NA,NA,
PCS,Bridges PCS,1244 Taylor Street. NW,534,NA,NA,ES," 20,676 ",Facility Allowance,3405436,NA,NA,0,-77.0283582,38.9407171,4,NA,NA,272,102,93,77,0.341911765,0.283088235,0.375,76,6377.220974,165,10,2006,1,340543.6,637.7220974,16.47047785,
PCS,Bridges PCS,"1250 Taylor Street, NW",534,NA,NA,ES," 20,676 ",Facility Allowance,3405436,NA,NA,0,-77.0285894,38.9405054,4,NA,NA,272,102,93,77,0.341911765,0.283088235,0.375,76,6377.220974,165,10,2006,1,340543.6,637.7220974,16.47047785,
PCS,Bridges PCS,"4300 13th Street NW
",534,NA,NA,ES," 20,676 ",Facility Allowance,3405436,NA,NA,0,-77.03121,38.94344,4,NA,NA,272,102,93,77,0.341911765,0.283088235,0.375,76,6377.220974,165,10,2006,1,340543.6,637.7220974,16.47047785,
DCPS,Brightwood EC,1300 Nicholson St NW,584,Full,2005,ES/MS," 78,000 ",FULL MOD + ADD,22265461,0,22269148,1,-77.03068885,38.96053539,4,,Coolidge HS,639,379,302,78,0.472613459,0.122065728,0.593114241,122,38125.78938,285,NA,NA,1,NA,NA,NA,
PCS,Briya Public Charter School,"1755 Newton Street, NW",663,NA,NA,ADULT," 26,940 ",Facility Allowance,8206459,NA,NA,0,-77.0405163,38.9347901,1,NA,NA,492,50,20,5,0.040650407,0.010162602,0.101626016,55,12377.76621,305,9,2007,1,911828.7778,1375.307357,33.84665099,
PCS,Briya Public Charter School,"2333 Ontario Road, NW (Main Office)",663,NA,NA,ADULT," 26,940 ",Facility Allowance,8206459,NA,NA,0,-77.0368707,38.9071923,2,NA,NA,492,50,20,5,0.040650407,0.010162602,0.101626016,55,12377.76621,305,9,2007,1,911828.7778,1375.307357,33.84665099,
PCS,Briya Public Charter School,"3912 Georgia Avenue, NW",663,NA,NA,ADULT," 26,940 ",Facility Allowance,8206459,NA,NA,0,-77.0250314,38.9391892,4,NA,NA,492,50,20,5,0.040650407,0.010162602,0.101626016,55,12377.76621,305,9,2007,1,911828.7778,1375.307357,33.84665099,
DCPS,Brookland MS," 1150  Michigan Avenue, NE",540,Full,2014,MS," 110,000 ",FULL REPLACEMENT,58053351,-1202174,62711400,1,-76.99182,38.93741,5,NA,Dunbar HS,NA,NA,NA,NA,NA,NA,NA,NA,NA,528,NA,NA,1,NA,NA,NA,
DCPS,Browne EC,850 26th St  NE,804,Phase 0,NA,ES/MS," 215,392 ",STABILIZED,131951,20636000,23793129,1,-76.97066706,38.90259855,5,,Eastern HS,353,23,241,56,0.682719547,0.158640227,0.065155807,610,164.1181592,1,NA,NA,1,NA,NA,NA,
DCPS,Bruce-Monroe ES @ Park View,3560 Warder St  NW,609,Phase I,2012,ES," 82,192 ",PARTIAL MOD,11264300,0,17026865,1,-77.02118567,38.93441376,1,CHEC (6-8),Cardozo EC (9-12),NA,NA,NA,NA,NA,NA,NA,NA,18496.38752,137,NA,NA,1,NA,NA,NA,
DCPS,brucemonroe-demolished,NA,NA,NA,NA,NA," 110,700 ",DEMOLISHED,1499358,0," 1,499,358 ",1,NA,NA,1,NA,NA,NA,NA,NA,NA,NA,NA,NA,NA,NA,14,NA,NA,0,NA,NA,NA,
DCPS,Bunker Hill ES,1401 Michigan Ave  NE,480,Phase I,2012,ES," 69,392 ",PARTIAL MOD,6533765,0,6544178,1,-76.98499564,38.94201213,5,Brookland MS,Dunbar HS,NA,NA,NA,NA,NA,NA,NA,NA,13612.01042,94,NA,NA,1,NA,NA,NA,
DCPS,Burroughs ES,1820 Monroe St  NE,450,Phase I,2013,ES," 69,696 ",PARTIAL MOD + ADD,8239048,0,8866114,1,-76.97845637,38.93350233,5,Brookland MS,Dunbar HS,297,14,156,53,0.525252525,0.178451178,0.047138047,235,18308.99556,118,NA,NA,1,NA,NA,NA,
DCPS,Burrville ES,801 Division Ave  NE,400,Phase I,2010,ES," 94,992 ",PARTIAL MOD,2991980,0,2996347,1,-76.92445918,38.90056543,7,Kelly Miller MS,Woodson HS,360,2,244,36,0.677777778,0.1,0.005555556,264,7479.95,31,NA,NA,1,NA,NA,NA,
DCPS,C.W. Harris ES,301 53rd St  SE,438,Phase 0,NA,ES," 56,000 ",STABILIZED,0,12606000,12606000,1,-76.9261155,38.8835985,7,Kelly Miller MS,Woodson HS,291,2,229,40,0.786941581,0.137457045,0.006872852,192,0,0,NA,NA,1,NA,NA,NA,
PCS,Capital City High School PCS,"102 Peabody Street, NW",NA,NA,NA,HS," 57,033 ",Facility Allowance,5546488,NA,NA,1,-77.0113808,38.9626905,4,NA,NA,329,50,148,60,0.449848024,0.182370821,0.151975684,173,NA,97,6,2010,1,924414.6667,NA,16.20841735,
PCS,Capital City Lower PCS,"100 Peabody Street, NW",1180,NA,NA,ES," 57,033 ",Facility Allowance,5829980,NA,NA,1,-77.0126091,38.9623344,4,NA,NA,322,95,72,15,0.223602484,0.046583851,0.295031056,177,4940.661017,102,7,2009,1,832854.2857,705.8087167,14.60302431,
PCS,Capital City Middle School,"101 Peabody Street, NW",NA,NA,NA,MS," 57,033 ",Facility Allowance,3252992,NA,NA,1,-77.0110697,38.9627222,4,NA,NA,320,38,111,56,0.346875,0.175,0.11875,178,NA,57,4,2009,1,813248,NA,14.25925341,
DCPS,Capitol Hill Montessori,215 G Street NE,360,Phase 0,NA,ES/MS," 47,200 ",STABILIZED,975866,11987136,14637256,1,-77.0025627,38.89852997,6,NA,Eastern HS,NA,NA,NA,NA,NA,NA,NA,NA,2710.738889,21,NA,NA,1,NA,NA,NA,
DCPS,Cardozo EC,1200 Clifton St. NW,1070,Full,2013,MS/HS," 397,400 ",FULL MOD + ADD,131527974,0,132124454,1,-77.02847079,38.9221722,1,,,781,266,573,188,0.733674776,0.240717029,0.340588988,509,122923.3402,331,NA,NA,1,NA,NA,NA,
PCS,Carlos Rosario International PCS Harvard Street Campus,"514 V Street, NE",1614,NA,NA,ADULT," 132,000 ",Facility Allowance,57276227,NA,NA,0,-76.9986344,38.9183706,5,NA,NA,1973,113,0,0,0,0,0.057273188,67,35487.12949,434,17,1999,1,3369189.824,2087.478205,25.52416533,
PCS,Carlos Rosario International PCS Harvard Street Campus,"1100 Harvard Street, NW",1614,NA,NA,ADULT," 132,000 ",Facility Allowance,57276227,NA,NA,0,-77.0276499,38.9263689,1,NA,NA,1973,113,0,0,0,0,0.057273188,67,35487.12949,434,17,1999,1,3369189.824,2087.478205,25.52416533,
PCS,Cedar Tree Academy PCS,"701 Howard Road, SE",650,NA,NA,PK3-K," 31,000 ",Facility Allowance,2065776,NA,NA,1,-76.999207,38.8641137,8,NA,NA,358,0,261,9,0.729050279,0.025139665,0,87,3178.116923,67,2,2014,1,1032888,1589.058462,33.31896774,
PCS,Center City Brightwood Campus PCS,"6008 Georgia Avenue, NW",567,NA,NA,ES/MS," 37,010 ",Facility Allowance,4766091,NA,NA,1,-77.02838,38.9631991,4,NA,NA,248,55,80,26,0.322580645,0.10483871,0.221774194,149,8405.804233,129,7,2009,1,680870.1429,1200.829176,18.39692361,
PCS,Center City Capitol Hill Campus PCS,"1503 East Capitol Street, SE",534,NA,NA,ES/MS," 40,037 ",Facility Allowance,4699097,NA,NA,1,-76.9835459,38.8897865,6,NA,NA,239,0,112,23,0.468619247,0.09623431,0,168,8799.807116,117,7,2009,1,671299.5714,1257.115302,16.76697983,
PCS,Center City Congress Heights Campus PCS,"220 Highview Place, SE",341,NA,NA,ES/MS," 27,000 ",Facility Allowance,4770011,NA,NA,1,-77.0045487,38.8415048,8,NA,NA,257,0,172,19,0.6692607,0.073929961,0,105,13988.30205,177,7,2009,1,681430.1429,1998.328865,25.23815344,
PCS,Center City Petworth Campus PCS,"510 Webster Street, NW",425,NA,NA,ES/MS," 30,825 ",Facility Allowance,4949770,NA,NA,1,-77.0208684,38.9437731,4,NA,NA,262,53,97,19,0.370229008,0.072519084,0.202290076,118,11646.51765,161,7,2009,1,707110,1663.788235,22.93949716,
PCS,Center City Shaw Campus PCS,"711 N Street, NW",350,NA,NA,ES/MS," 29,240 ",Facility Allowance,4824166,NA,NA,1,-77.0224536,38.9074837,2,NA,NA,241,34,113,29,0.468879668,0.12033195,0.141078838,121,13783.33143,165,7,2009,1,689166.5714,1969.047347,23.56930819,
PCS,Center City Trinidad Campus PCS,"1217 W  Virginia Avenue, NE",434,NA,NA,ES/MS," 23,313 ",Facility Allowance,4651663,NA,NA,1,-76.991479,38.905386,5,NA,NA,236,4,132,26,0.559322034,0.110169492,0.016949153,99,10718.11751,200,7,2009,1,664523.2857,1531.159645,28.50440894,
PCS,Cesar Chavez Capitol Hill PCS,"709 12th Street, SE",430,NA,NA,HS," 40,000 ",Facility Allowance,12075294,NA,NA,1,-76.9907031,38.8807813,6,NA,NA,358,21,225,70,0.62849162,0.195530726,0.058659218,112,28082.07907,302,10,2006,1,1207529.4,2808.207907,30.188235,
PCS,Cesar Chavez Parkside MS PCS,"3702 Hayes Street,  NE",NA,NA,NA,MS," 30,870 ",Facility Allowance,16948761,NA,NA,1,-76.9500149,38.9029444,7,NA,NA,303,8,204,42,0.673267327,0.138613861,0.02640264,102,NA,549,10,2006,1,1694876.1,NA,54.90366375,
PCS,Cesar Chavez PCS Chavez Prep,"770 Kenyon Street, NW",420,NA,NA,MS," 36,059 ",Facility Allowance,6096304,NA,NA,1,-77.025605,38.929581,1,NA,NA,331,94,170,48,0.513595166,0.145015106,0.283987915,109,14515.00952,169,8,2008,1,762038,1814.37619,21.13308744,
PCS,Cesar Chavez PCS Parkside Upper,"3701 Hayes Street,  NE",834,NA,NA,HS," 36,015 ",Facility Allowance,3379632,NA,NA,1,-76.9491059,38.9013653,7,NA,NA,356,7,228,40,0.640449438,0.112359551,0.019662921,101,4052.316547,94,3,2013,1,1126544,1350.772182,31.27985562,
DCPS,CHOICE Academy,1720 1st St NE,NA,NA,NA,ALT," 63,800 ",STABILIZED,NA,NA,NA,NA,-77.00677595,38.91350276,5,NA,NA,5,0,0,0,0,0,0,NA,NA,NA,NA,NA,NA,NA,NA,NA,
DCPS,Cleveland ES,1825 8th St  NW,320,Full,2004,ES," 53,000 ",FULL MOD + ADD,20270264,0,20270264,1,-77.02270718,38.91514495,1,Cardozo EC (6-8),Cardozo EC (9-12),308,47,137,36,0.444805195,0.116883117,0.152597403,172,63344.575,382,NA,NA,1,NA,NA,NA,
DCPS,Columbia Heights EC (CHEC),3101 16th St  NW,1400,Full,2006,MS/HS," 325,218 ",FULL REPLACEMENT,78652173,0,78652173,1,-77.03585831,38.92954443,1,,Cardozo HS (9-12),1384,429,744,153,0.537572254,0.110549133,0.309971098,235,56180.12357,242,NA,NA,1,NA,NA,NA,
PCS,Community Academy Amos I,"1300 Allison Street, NW",957,NA,NA,ES," 55,000 ",Facility Allowance,13482960,NA,NA,1,-77.030868,38.944517,4,NA,NA,590,213,261,53,0.442372881,0.089830508,0.361016949,93,14088.77743,245,10,2006,1,1348296,1408.877743,24.51447273,
PCS,Community Academy Amos II,"33 Riggs Road, NE",600,NA,NA,ES," 50,600 ",Facility Allowance,5565731,NA,NA,1,-77.006643,38.9549208,5,NA,NA,329,86,193,18,0.58662614,0.054711246,0.261398176,154,9276.218333,110,10,2006,1,556573.1,927.6218333,10.99946838,
PCS,Community Academy Butler Global,"1400 1st Street, NW",1020,NA,NA,ES," 100,000 ",Facility Allowance,7549324,NA,NA,1,-77.0132341,38.9090757,5,NA,NA,523,51,272,35,0.520076482,0.066921606,0.09751434,191,7401.298039,75,10,2006,1,754932.4,740.1298039,7.549324,
PCS,Community Academy CAPCS Online,"1351 Nicholson Street, NW",217,NA,NA,ES/MS," 20,100 ",Facility Allowance,3128675,NA,NA,1,-77.031579,38.9604804,4,NA,NA,123,0,43,21,0.349593496,0.170731707,0,163,14417.85714,156,9,2007,1,347630.5556,1601.984127,17.29505252,
PCS,Community College Preparatory Academy PCS,"2405 Martin Luther King Jr. Avenue, SE",155,NA,NA,ADULT," 11,000 ",Facility Allowance,1339656,NA,NA,1,-76.9927263,38.8628141,8,NA,NA,273,0,0,1,0,0.003663004,0,40,8642.941935,122,2,2014,1,669828,4321.470968,60.89345455,
DCPS,Coolidge HS,6315 5th St  NW,1105,Phase 0,NA,HS," 271,300 ",STABILIZED,2537691,116633000,122176717,1,-77.01957825,38.96728422,4,,,395,50,301,104,0.762025316,0.263291139,0.126582278,687,2296.552941,9,NA,NA,1,NA,NA,NA,
PCS,Creative Minds International PCS,"3224 16th Street, NW",203,NA,NA,ES," 17,976 ",Facility Allowance,1282032,NA,NA,1,-77.0368058,38.9315518,1,NA,NA,181,10,22,48,0.121546961,0.26519337,0.055248619,99,6315.428571,71,3,2013,1,427344,2105.142857,23.77303071,
PCS,D C  Bilingual PCS,"1420 Columbia Road, NW",809,NA,NA,ES," 75,000 ",Facility Allowance,9258495,NA,NA,0,-77.0332308,38.927174,1,NA,NA,364,180,130,56,0.357142857,0.153846154,0.494505495,206,11444.36959,123,11,2005,1,841681.3636,1040.397236,11.22241818,
PCS,D C  Bilingual PCS,"3029 14th Street, NW",809,NA,NA,ES," 75,000 ",Facility Allowance,9258495,NA,NA,0,-77.0322034,38.9283049,1,NA,NA,364,180,130,56,0.357142857,0.153846154,0.494505495,206,11444.36959,123,11,2005,1,841681.3636,1040.397236,11.22241818,
PCS,D C  Preparatory Benning Campus PCS,"100 41st Street, NE",849,NA,NA,ES," 80,352 ",Facility Allowance,6611687,NA,NA,1,-76.9449133,38.890775,7,NA,NA,442,8,231,22,0.522624434,0.049773756,0.018099548,182,7787.617197,82,7,2009,1,944526.7143,1112.516742,11.75486253,
PCS,D C  Preparatory Edgewood Elementary Campus PCS,"707 Edgewood Street, NE",499,NA,NA,ES," 50,050 ",Facility Allowance,9341738,NA,NA,1,-76.9955558,38.9241765,5,NA,NA,432,20,197,28,0.456018519,0.064814815,0.046296296,116,18720.91784,187,8,2008,1,1167717.25,2340.114729,23.33101399,
PCS,D C  Preparatory Edgewood Middle Campus PCS," 701 Edgewood Street, NE",340,NA,NA,MS," 39,746 ",Facility Allowance,6749878,NA,NA,1,-76.9959848,38.9247765,5,NA,NA,294,1,101,46,0.343537415,0.156462585,0.003401361,135,19852.58235,170,8,2008,1,843734.75,2481.572794,21.22816761,
PCS,D C Preparatory Benning Middle Campus,"101 41st Street, NE",NA,NA,NA,MS," 26,784 ",Facility Allowance,697944,NA,NA,1,-76.944288,38.891529,7,NA,NA,152,1,67,22,0.440789474,0.144736842,0.006578947,176,NA,26,2,2014,1,348972,NA,13.02912186,
PCS,DC Scholars PCS,"5601 East Capitol Street, SE",443,NA,NA,ES," 31,000 ",Facility Allowance,2641008,NA,NA,1,-76.9216306,38.8893227,7,NA,NA,389,0,252,38,0.64781491,0.097686375,0,80,5961.643341,85,3,2013,1,880336,1987.214447,28.39793548,
DCPS,DCPS MultiSchool,NA,NA,NA,NA,NA," 12,000,000 ",NA,1392424292,242169537,1669108197,1,NA,NA,NA,NA,NA,NA,NA,NA,NA,NA,NA,NA,NA,NA,116,NA,NA,1,NA,NA,NA,
DCPS,Deal MS,3815 Fort Dr  NW,1370,Full,2014,MS," 223,689 ",FULL MOD + ADD,73524856,0,74154641,1,-77.07519907,38.95289641,3,,Wilson HS,1312,47,99,166,0.075457317,0.12652439,0.035823171,170,53667.7781,329,NA,NA,1,NA,NA,NA,
PCS,Democracy Prep PCS-Congress Heights,"3100 Martin Luther King Jr. Avenue, SE",890,NA,NA,ES," 42,528 ",Facility Allowance,1904640,NA,NA,1,-76.9981457,38.8434987,8,NA,NA,620,1,436,70,0.703225806,0.112903226,0.001612903,69,2140.044944,45,1,2015,1,1904640,2140.044944,44.78555305,
PCS,District of Columbia International School,"3220 16th Street, NW",308,NA,NA,MS," 20,217 ",Facility Allowance,645120,NA,NA,1,-77.0367897,38.9313597,1,NA,NA,210,26,44,40,0.20952381,0.19047619,0.123809524,96,2094.545455,32,1,2015,1,645120,2094.545455,31.9097789,
DCPS,Dorothy Height ES,NA,NA,NA,NA,NA, NA ,NA,NA,NA,NA,NA,-77.03087,38.94452,4,NA,NA,NA,NA,NA,NA,NA,NA,NA,NA,NA,NA,NA,NA,NA,NA,NA,NA,
DCPS,Drew ES,5600 Eads St  NE,362,Phase I,2010,ES," 72,800 ",PARTIAL MOD,4898637,0,4938279,1,-76.91992701,38.89599364,7,Kelly Miller MS,Woodson HS,201,0,166,34,0.825870647,0.169154229,0,362,13532.14641,67,NA,NA,1,NA,NA,NA,
DCPS,Dunbar HS,101 N St. NW,1100,Full,2013,HS," 260,000 ",FULL REPLACEMENT,122897293,-250000,125144890,1,-77.01469386,38.90852322,5,,,653,6,483,198,0.739663093,0.303215926,0.009188361,398,111724.8118,473,NA,NA,1,NA,NA,NA,
PCS,E L  Haynes PCS Georgia Avenue,"3600 Georgia Avenue, NW",516,NA,NA,MS," 45,484 ",Facility Allowance,6850144,NA,NA,1,-77.0243669,38.9343788,1,NA,NA,377,54,157,77,0.416445623,0.204244032,0.143236074,121,13275.47287,151,6,2010,1,1141690.667,2212.578811,25.10092926,
PCS,E.L. Haynes Kansas Avenue - High School,"4501 Kansas Avenue, NW",861,NA,NA,HS," 17,647 ",Facility Allowance,5596776,NA,NA,1,-77.022371,38.945657,4,NA,NA,422,66,218,90,0.516587678,0.213270142,0.156398104,42,6500.320557,317,5,2011,1,1119355.2,1300.064111,63.43033943,
PCS,E.L. Haynes PCS Kansas Avenue (Elementary School),"4502 Kansas Avenue, NW",NA,NA,NA,ES," 53,800 ",Facility Allowance,2661384,NA,NA,1,-77.0234943,38.9451898,4,NA,NA,358,108,126,39,0.351955307,0.108938547,0.301675978,150,NA,49,3,2012,1,887128,NA,16.48936803,
PCS,Eagle Academy PCS - Eagle Center at McGogney,"3400 Wheeler Road, SE",1241,NA,NA,ES," 60,000 ",Facility Allowance,10094728,NA,NA,1,-76.9936441,38.8406263,8,NA,NA,774,2,466,83,0.602067183,0.107235142,0.002583979,78,8134.349718,168,6,2010,1,1682454.667,1355.724953,28.04091111,
PCS,Eagle Academy PCS New Jersey Avenue Campus,"1017 New Jersey Avenue, SE",190,NA,NA,ES," 8,500 ",Facility Allowance,2333312,NA,NA,1,-77.0051215,38.877859,6,NA,NA,146,0,79,11,0.54109589,0.075342466,0,58,12280.58947,275,6,2010,1,388885.3333,2046.764912,45.75121569,
PCS,Early Childhood Academy PCS,"4025 9th Street, SE",300,NA,NA,ES," 15,458 ",Facility Allowance,4742251,NA,NA,0,-76.990566,38.8317414,8,NA,NA,259,0,167,22,0.644787645,0.084942085,0,76,15807.50333,242,8,2006,1,592781.375,1975.937917,30.2223603,
PCS,Early Childhood Academy PCS,"4301 9th Street, SE ",300,NA,NA,ES," 4,458 ",Facility Allowance,4742251,NA,NA,0,-76.989567,38.8310119,8,NA,NA,259,0,167,22,0.644787645,0.084942085,0,76,15807.50333,242,8,2006,1,592781.375,1975.937917,30.2223603,
DCPS,Eastern HS,1700 East Capitol St NE,1100,Full,2010,HS," 310,721 ",FULL MOD,74502874,0,74503071,1,-76.97968429,38.89040233,6,,,1025,3,714,296,0.696585366,0.288780488,0.002926829,303,67729.88545,240,NA,NA,1,NA,NA,NA,
DCPS,Eaton ES,3301 Lowell St  NW,415,Phase 0,NA,ES," 49,096 ",STABILIZED,81414,15552000,15633414,1,-77.06582114,38.93272674,3,Hardy MS,Eastern HS,257,2,161,63,0.626459144,0.245136187,0.007782101,191,196.1783133,2,NA,NA,1,NA,NA,NA,
DCPS,Eliot-Hine MS,1830 Constitution Ave  NE,742,Phase 0,NA,MS," 155,072 ",STABILIZED,210957,40911043,42653975,1,-76.97897792,38.89243116,6,,Eastern HS,257,2,161,63,0.626459144,0.245136187,0.007782101,603,284.3086253,1,NA,NA,1,NA,NA,NA,
DCPS,Ellington School of the Arts,3500 R St NW,500,Full,2017,HS," 258,072 ",FULL MOD + ADD,34081441,61688778,180437856,1,-77.07030757,38.91344604,2,,,523,5,175,25,0.334608031,0.047801147,0.009560229,320,NA,203,NA,NA,1,NA,NA,NA,
PCS,Elsie Whitlow Stokes Community Freedom PCS,"3700 Oakview Terrace, NE",450,NA,NA,ES," 32,341 ",Facility Allowance,11118784,NA,NA,1,-76.9899667,38.934916,5,NA,NA,350,63,62,26,0.177142857,0.074285714,0.18,92,24708.40889,344,17,1999,1,654046.1176,1453.435817,20.2234352,
PCS,Excel Academy PCS,"2501 Martin Luther King Jr. Avenue, SE",1292,NA,NA,ES," 67,508 ",Facility Allowance,8332774,NA,NA,1,-76.9952947,38.8600148,8,NA,NA,569,0,366,23,0.643233743,0.040421793,0,119,6449.51548,123,7,2009,1,1190396.286,921.3593543,17.63341064,
PCS,Excel Academy PCS LEAD,"2502 Martin Luther King Jr. Avenue, SE",NA,NA,NA,MS," 19,288 ",Facility Allowance,476160,NA,NA,1,-76.9939568,38.8608853,8,NA,NA,155,0,100,27,0.64516129,0.174193548,0,124,NA,25,1,2015,1,476160,NA,24.68685193,
DCPS,ferebeehope,NA,NA,NA,NA,NA," 193,800 ",PARTIAL MOD," $4,532,419 ",0,4532419,1,NA,NA,8,NA,NA,NA,NA,NA,NA,NA,NA,NA,NA,NA,23,NA,NA,0,NA,NA,NA,
PCS,Friendship PCS Blow Pierce Elementary,"725 19th Street, NE",925,NA,NA,ES," 52,944 ",Facility Allowance,20538240,NA,NA,1,-76.976256,38.898544,7,NA,NA,379,6,289,14,0.762532982,0.036939314,0.015831135,140,22203.5027,388,12,2003,1,1711520,1850.291892,32.32698701,
PCS,Friendship PCS Blow-Pierce Middle,"725 19th Street, NE",NA,NA,NA,MS, NA ,Facility Allowance,654336,NA,NA,1,-76.976256,38.898544,7,NA,NA,213,1,147,42,0.690140845,0.197183099,0.004694836,NA,NA,NA,1,2015,1,654336,NA,NA,
PCS,Friendship PCS Chamberlain Elementary,"1345 Potomac Avenue, SE",1046,NA,NA,ES," 80,860 ",Facility Allowance,23717234,NA,NA,1,-76.986715,38.879337,6,NA,NA,375,1,235,18,0.626666667,0.048,0.002666667,216,22674.21989,293,12,2003,1,1976436.167,1889.518324,24.44269313,
PCS,Friendship PCS Chamberlain Middle,"1345 Potomac Avenue, SE",NA,NA,NA,MS, NA ,Facility Allowance,1053696,NA,NA,1,-76.986715,38.879337,6,NA,NA,343,0,200,59,0.583090379,0.172011662,0,NA,NA,NA,1,2015,1,1053696,NA,NA,
PCS,Friendship PCS SouthEast Academy,"645 Milwaukee Place, SE",950,NA,NA,ES," 58,539 ",Facility Allowance,17344193,NA,NA,1,-76.996974,38.847472,8,NA,NA,576,0,412,56,0.715277778,0.097222222,0,102,18257.04526,296,12,2003,1,1445349.417,1521.420439,24.69036739,
PCS,Friendship PCS Tech Prep,"2705 Martin Luther King Jr. Avenue, SE",1048,NA,NA,MS/HS," 66,349 ",Facility Allowance,6129328,NA,NA,0,-76.996307,38.848279,8,NA,NA,499,1,353,90,0.70741483,0.180360721,0.002004008,133,5848.59542,92,6,2010,1,1021554.667,974.7659033,15.39668521,
PCS,Friendship PCS Tech Prep,"620 Milwaukee Place, SE",1048,NA,NA,MS/HS," 66,349 ",Facility Allowance,6129328,NA,NA,0,-76.9976677,38.8482336,8,NA,NA,499,1,353,90,0.70741483,0.180360721,0.002004008,133,5848.59542,92,6,2010,1,1021554.667,974.7659033,15.39668521,
PCS,Friendship PCS Woodridge Elementary,"2959 Carlton Avenue, NE",600,NA,NA,ES," 37,000 ",Facility Allowance,18909379,NA,NA,1,-76.9662004,38.9294874,5,NA,NA,284,8,127,12,0.447183099,0.042253521,0.028169014,130,31515.63167,511,12,2003,1,1575781.583,2626.302639,42.58869144,
PCS,Friendship PCS Woodridge Middle,"2960 Carlton Avenue, NE",NA,NA,NA,MS, NA ,Facility Allowance,516096,NA,NA,1,-76.967187,38.930047,5,NA,NA,168,1,75,35,0.446428571,0.208333333,0.005952381,NA,NA,NA,1,2015,1,516096,NA,NA,
PCS,Friendship PCS Woodson Collegiate Academy,"4095 Minnesota Avenue, NE",1500,NA,NA,HS," 152,000 ",Facility Allowance,37822656,NA,NA,1,-76.9459338,38.897574,7,NA,NA,883,0,517,165,0.585503964,0.186862967,0,172,25215.104,249,12,2003,1,3151888,2101.258667,20.73610526,
DCPS,Garfield ES,2435 Alabama Ave  SE,365,Phase 0,NA,ES," 58,904 ",STABILIZED," $1,082,203 ",12583908,14338493,1,-76.97080478,38.85173304,8,Johnson MS,Ballou HS,284,0,233,35,0.820422535,0.123239437,0,207,2964.939726,18,NA,NA,1,NA,NA,NA,
DCPS,garnettpatterson,NA,NA,NA,NA,NA," 82,700 ",STABILIZED,5560714,0,5560714,1,NA,NA,1,NA,NA,NA,NA,NA,NA,NA,NA,NA,NA,NA,67,NA,NA,0,NA,NA,NA,
DCPS,Garrison ES,1200 S St  NW,356,Phase 0,NA,ES," 60,200 ",STABILIZED,655646,2.00E+07,2.40E+07,1,-77.02861256,38.91390096,2,Cardozo EC (6-8),Cardozo EC (9-12),244,35,117,40,0.479508197,0.163934426,0.143442623,247,1841.702247,11,NA,NA,1,NA,NA,NA,
DCPS,H.D. Cooke ES,2525 17th St NW,440,Full,2009,ES," 85,696 ",FULL MOD + ADD,32500688,0,32500688,1,-77.03881058,38.92394275,1,CHEC (6-8),Cardozo EC (9-12),400,164,215,42,0.5375,0.105,0.41,214,73865.2,379,NA,NA,1,NA,NA,NA,
DCPS,Hardy MS,1819 35th St  NW,485,Full,2008,MS," 107,200 ",FULL MOD + ADD,50758871,0,50758871,1,-77.0686139,38.9155087,2,,Wilson HS,NA,NA,NA,NA,NA,NA,NA,NA,104657.466,473,NA,NA,1,NA,NA,NA,
PCS,Harmony DC PCS-School of Excellence,"62 T Street, NE",220,NA,NA,ES," 20,000 ",Facility Allowance,202752,NA,NA,1,-77.0066585,38.916063,5,NA,NA,66,0,40,8,0.606060606,0.121212121,0,303,921.6,10,1,2015,1,202752,921.6,10.1376,
DCPS,Hart MS,601 Mississippi Ave  SE,912,Phase I,2011,MS," 210,700 ",PARTIAL MOD," $13,075,759 ",0,13214760,1,-76.99717875,38.83773754,8,NA,Ballou HS,479,0,393,128,0.82045929,0.267223382,0,440,14337.45504,62,NA,NA,1,NA,NA,NA,
DCPS,Hearst ES,3950 37th St  NW,330,Full,2015,ES," 62,309 ",FULL MOD + ADD,35678706,361277,43433519,1,-77.07195522,38.94072231,3,Deal MS,Wilson HS,291,28,39,25,0.134020619,0.085910653,0.096219931,214,108117.2909,573,NA,NA,1,NA,NA,NA,
DCPS,Hendley ES,425 Chesapeake St  SE,520,Phase I,2013,ES," 73,200 ",PARTIAL MOD," $15,937,127 ",0,16150915,1,-76.99918485,38.82898558,8,Hart MS,Ballou HS,503,0,453,84,0.900596421,0.166998012,0,146,30648.32115,218,NA,NA,1,NA,NA,NA,
PCS,Hope Community PCS Lamond Campus,"6200 Kansas Avenue, NE",500,NA,NA,ES," 41,000 ",Facility Allowance,8335030,NA,NA,1,-77.0085903,38.9658162,4,NA,NA,358,13,148,22,0.413407821,0.061452514,0.036312849,115,16670.06,203,8,2008,1,1041878.75,2083.7575,25.41167683,
PCS,Hope Community PCS Tolson Campus,"2917 8th Street, NE",540,NA,NA,ES/MS," 33,571 ",Facility Allowance,9509758,NA,NA,1,-76.9946003,38.927028,5,NA,NA,517,34,264,43,0.510638298,0.083172147,0.065764023,65,17610.66296,283,8,2008,1,1188719.75,2201.33287,35.40912544,
DCPS,Houston ES,1100 50th Pl  NE,398,Phase 0,NA,ES," 59,896 ",STABILIZED,1191032,15693000,16943000,1,-76.92994765,38.90541499,7,Kelly Miller MS,Woodson HS,279,3,209,40,0.749103943,0.143369176,0.010752688,215,2992.542714,20,NA,NA,1,NA,NA,NA,
PCS,Howard University Middle School of Math and Science PCS,"405 Howard Place, NW",435,NA,NA,MS," 20,968 ",Facility Allowance,8215644,NA,NA,1,-77.0188757,38.9228511,1,NA,NA,294,11,115,9,0.391156463,0.030612245,0.037414966,71,18886.53793,392,10,2006,1,821564.4,1888.653793,39.18181992,
DCPS,Hyde-Addison ES,3219 O St  NW,330,Phase I,2014,ES," 37,504 ",PARTIAL MOD,19157333,22284976,43519223,1,-77.06453782,38.90801923,2,Hardy MS,Wilson HS,305,29,24,25,0.078688525,0.081967213,0.095081967,123,58052.52424,511,NA,NA,1,NA,NA,NA,
PCS,IDEA PCS,"1027 45th Street, NE",490,NA,NA,HS," 70,000 ",Facility Allowance,13450019,NA,NA,1,-76.937087,38.904173,7,NA,NA,217,1,165,42,0.760368664,0.193548387,0.004608295,323,27449.01837,192,17,1999,1,791177.5882,1614.648139,11.30253697,
PCS,Ideal Academy PCS North Capitol Street Campus ES,"6130 N Capitol Street, NW",500,NA,NA,ES/MS," 35,090 ",Facility Allowance,6508377,NA,NA,1,-77.0098236,38.9648647,4,NA,NA,297,3,185,32,0.622895623,0.107744108,0.01010101,118,13016.754,185,8,2008,1,813547.125,1627.09425,23.18458606,
DCPS,Incarcerated Youth Program,NA,NA,NA,NA,NA, NA ,NA,NA,NA,NA,NA,-76.97637892,38.88343057,7,NA,NA,28,1,0,18,0,0.642857143,0.035714286,NA,NA,NA,NA,NA,NA,NA,NA,NA,
PCS,Ingenuity Prep PCS,"4600 Livingston Road, SE",200,NA,NA,ES," 31,075 ",Facility Allowance,941472,NA,NA,1,-77.0031886,38.8239325,8,NA,NA,201,0,148,22,0.736318408,0.109452736,0,155,4707.36,30,2,2014,1,470736,2353.68,15.14838294,
PCS,Inspired Teaching Demonstration PCS,"200 Douglas Street, NE",620,NA,NA,ES/MS," 40,800 ",Facility Allowance,2824824,NA,NA,1,-77.0025452,38.9236743,5,NA,NA,317,14,35,34,0.110410095,0.107255521,0.044164038,129,4556.167742,69,4,2012,1,706206,1139.041935,17.30897059,
DCPS,J.O. Wilson ES,660 K Street NE,480,Phase I,2010,ES," 98,896 ",PARTIAL MOD,4264356,0,4264356,1,-76.99658902,38.90275767,6,Stuart-Hobson MS,Eastern HS,466,6,232,47,0.497854077,0.100858369,0.012875536,212,8884.075,43,NA,NA,1,NA,NA,NA,
DCPS,Janney ES,4130 Albemarle St  NW,700,Full,2011,ES," 96,083 ",FULL MOD + ADD,37443325,0,37949758,1,-77.08099483,38.94755009,3,Deal MS,Wilson HS,693,30,8,38,0.011544012,0.054834055,0.043290043,139,53490.46429,390,NA,NA,1,NA,NA,NA,
DCPS,Jefferson MS,801 7th St SW,570,Phase 0,NA,MS," 108,992 ",STABILIZED,0,35993000,35993000,1,-77.02291066,38.8798706,6,,Eastern HS,NA,NA,NA,NA,NA,NA,NA,NA,0,0,NA,NA,1,NA,NA,NA,
DCPS,Johnson MS,1400 Bruce Pl  SE,730,Phase I,2013,MS," 182,496 ",PARTIAL MOD," $18,602,234 ",-5857,20521528,1,-76.98370368,38.85133657,8,NA,Ballou HS,291,3,229,103,0.786941581,0.35395189,0.010309278,627,25482.51233,102,NA,NA,1,NA,NA,NA,
DCPS,Kelly Miller MS,301 49th St  NE,600,Full,2004,MS," 114,992 ",FULL REPLACEMENT,10614880,0,10614880,1,-76.93245507,38.89331503,7,,HD Woodson HS,546,7,382,146,0.6996337,0.267399267,0.012820513,211,17691.46667,92,NA,NA,1,NA,NA,NA,
DCPS,Ketcham ES,1919 15th St  SE,325,Phase I,2012,ES," 88,288 ",PARTIAL MOD," $8,328,691 ",0,8336451,1,-76.98362116,38.86604236,8,Kramer MS,Anacostia HS,309,0,265,37,0.857605178,0.1197411,0,286,25626.74154,94,NA,NA,1,NA,NA,NA,
DCPS,Key ES,5001 Dana Pl  NW,364,Full,2003,ES," 50,000 ",FULL MOD + ADD,13007488,0,13007488,1,-77.10052732,38.9268015,3,Hardy MS,Wilson HS,383,28,12,27,0.031331593,0.070496084,0.07310705,131,35734.85714,260,NA,NA,1,NA,NA,NA,
DCPS,Kimball ES,3375 Minnesota Ave  SE,398,Phase 0,NA,ES," 83,392 ",STABILIZED,0,17696000,17696000,1,-76.95757271,38.88308276,7,Sousa MS,Anacostia HS,348,0,268,48,0.770114943,0.137931034,0,240,0,0,NA,NA,1,NA,NA,NA,
DCPS,"King, M.L. ES",3200 6th St  SE,444,Phase 0,NA,ES," 65,496 ",STABILIZED," $4,118,755 ",372458,6567738,1,-76.99823899,38.84244285,8,Hart MS,Ballou HS,372,2,327,55,0.879032258,0.147849462,0.005376344,176,9276.475225,63,NA,NA,1,NA,NA,NA,
PCS,KIPP DC AIM PCS Academy PCS,"2600 Douglass Place, SE",1900,NA,NA,MS," 144,000 ",Facility Allowance,8354731,NA,NA,1,-76.9912057,38.8569692,8,NA,NA,321,1,189,74,0.588785047,0.230529595,0.003115265,449,4397.226842,58,10,2006,1,835473.1,439.7226842,5.801896528,
PCS,KIPP DC Arts & Technology Academy PCS,"5300 Blaine Street, NE",764,NA,NA,PK3-K," 26,950 ",Facility Allowance,651264,NA,NA,1,-76.9258818,38.8917411,7,NA,NA,212,1,129,14,0.608490566,0.066037736,0.004716981,127,852.4397906,24,1,2015,1,651264,852.4397906,24.16564007,
PCS,KIPP DC College Prep PCS,"1401 Brentwood Parkway, NE",500,NA,NA,HS," 187,423 ",Facility Allowance,5814288,NA,NA,1,-76.9944198,38.909317,5,NA,NA,454,0,232,86,0.511013216,0.189427313,0,413,11628.576,31,6,2010,1,969048,1938.096,5.170379302,
PCS,KIPP DC Connect Academy,"1375 Mt Olivet Road, NE",1206,NA,NA,PK3-K," 67,000 ",Facility Allowance,1533672,NA,NA,1,-76.9814619,38.907437,5,NA,NA,301,2,159,21,0.528239203,0.069767442,0.006644518,223,1271.701493,23,2,2014,1,766836,635.8507463,11.44531343,
PCS,KIPP DC Discover PCS,"2600 Douglass Place, SE",NA,NA,NA,PK3-K, NA ,Facility Allowance,4626760,NA,NA,1,-76.9912057,38.8569692,8,NA,NA,330,0,203,22,0.615151515,0.066666667,0,NA,NA,NA,6,2010,1,771126.6667,NA,NA,
PCS,KIPP DC GROW Academy PCS,"421 P Street, NW",1195,NA,NA,PK3-K," 100,671 ",Facility Allowance,3706464,NA,NA,1,-77.018128,38.909942,2,NA,NA,312,3,140,17,0.448717949,0.054487179,0.009615385,323,3101.643515,37,5,2011,1,741292.8,620.3287029,7.363518789,
PCS,KIPP DC Heights Academy PCS,"2600 Douglass Place, SE",NA,NA,NA,ES, NA ,Facility Allowance,3161880,NA,NA,1,-76.9912057,38.8569692,8,NA,NA,415,0,229,57,0.551807229,0.137349398,0,NA,NA,NA,4,2012,1,790470,NA,NA,
PCS,KIPP DC KEY Academy PCS,"4801 Benning Road, SE",1608,NA,NA,MS," 84,681 ",Facility Allowance,11203877,NA,NA,1,-76.9343991,38.8826376,7,NA,NA,334,1,161,37,0.482035928,0.110778443,0.002994012,254,6967.585199,132,12,2003,1,933656.4167,580.6320999,11.02557146,
PCS,KIPP DC LEAD Academy,"421 P Street, NW",NA,NA,NA,ES, NA ,Facility Allowance,1893744,NA,NA,1,-77.018128,38.909942,2,NA,NA,302,4,127,27,0.420529801,0.089403974,0.013245033,NA,NA,NA,3,2013,1,631248,NA,NA,
PCS,KIPP DC LEAP Academy PCS,"4801 Benning Road, SE",NA,NA,NA,PK3-K, NA ,Facility Allowance,6204843,NA,NA,1,-76.9343991,38.8826376,7,NA,NA,304,0,177,19,0.582236842,0.0625,0,NA,NA,NA,8,2008,1,775605.375,NA,NA,
PCS,KIPP DC Northeast Academy PCS,"1375 Mt Olivet Road, NE",NA,NA,NA,MS, NA ,Facility Allowance,387072,NA,NA,1,-76.9814619,38.907437,5,NA,NA,126,1,70,22,0.555555556,0.174603175,0.007936508,NA,NA,NA,1,2015,1,387072,NA,NA,
PCS,KIPP DC Promise PCS,"4801 Benning Road, SE",NA,NA,NA,ES, NA ,Facility Allowance,5553600,NA,NA,1,-76.9343991,38.8826376,7,NA,NA,400,3,219,55,0.5475,0.1375,0.0075,NA,NA,NA,6,2010,1,925600,NA,NA,
PCS,KIPP DC Quest Academy PCS,"5300 Blaine Street, NE",NA,NA,NA,ES," 40,425 ",Facility Allowance,866304,NA,NA,1,-76.9258818,38.8917411,7,NA,NA,282,1,176,43,0.624113475,0.15248227,0.003546099,143,NA,21,1,2015,1,866304,NA,21.42990724,
PCS,KIPP DC Spring Academy,"1375 Mt Olivet Road, NE",NA,NA,NA,ES, NA ,Facility Allowance,616344,NA,NA,1,-76.9814619,38.907437,5,NA,NA,102,0,60,5,0.588235294,0.049019608,0,NA,NA,NA,2,2014,1,308172,NA,NA,
PCS,KIPP DC WILL Academy PCS,"421 P Street, NW",NA,NA,NA,MS, NA ,Facility Allowance,7645919,NA,NA,1,-77.018128,38.909942,2,NA,NA,344,3,138,66,0.401162791,0.191860465,0.00872093,NA,NA,NA,9,2007,1,849546.5556,NA,NA,
DCPS,Kramer MS,1700 Q St  SE,600,Phase I,2014,MS," 153,984 ",PARTIAL MOD," $30,951,777 ",0,35059047,1,-76.98017131,38.87128607,8,NA,Anacostia HS,333,0,267,110,0.801801802,0.33033033,0,462,51586.295,201,NA,NA,1,NA,NA,NA,
DCPS,Lafayette ES,5701 Broad Branch Rd  NW,516,Full,2015,ES," 113,600 ",FULL MOD + ADD,9939007,59373105,78650000,1,-77.06803712,38.96662722,4,Deal MS,Wilson HS,697,21,19,47,0.027259684,0.067431851,0.030129125,163,19261.64147,87,NA,NA,1,NA,NA,NA,
DCPS,Langdon ES,1900 Evarts St  NE,500,Phase I,2015,ES," 101,392 ",PARTIAL MOD,19828246,0,20824380,1,-76.97708186,38.92470383,5,McKinley MS,Dunbar HS,340,17,191,56,0.561764706,0.164705882,0.05,298,39656.492,196,NA,NA,1,NA,NA,NA,
DCPS,Langley ES,101 T Street NE,530,Phase II,2011,ES," 100,000 ",PARTIAL MOD,10253618,0,10273670,1,-77.00589039,38.91516256,5,McKinley MS,Dunbar HS,297,3,185,44,0.622895623,0.148148148,0.01010101,337,19346.44906,103,NA,NA,1,NA,NA,NA,
DCPS,LaSalle-Backus EC,501 Riggs Road NE,400,Phase I,2012,ES/MS," 63,000 ",PARTIAL MOD,14206295,0,14545500,1,-76.99988254,38.95997181,4,,Coolidge HS,349,106,183,50,0.524355301,0.143266476,0.303724928,181,35515.7375,225,NA,NA,1,NA,NA,NA,
PCS,Latin American Montessori Bilingual (LAMB) PCS,"1800 Perry Street, NE",566,NA,NA,ES," 36,668 ",Facility Allowance,6050898,NA,NA,0,-76.9783016,38.9363691,5,NA,NA,342,129,40,38,0.116959064,0.111111111,0.377192982,107,10690.63251,165,12,2004,1,504241.5,890.8860424,13.75154085,
PCS,Latin American Montessori Bilingual (LAMB) PCS,"1375 Missouri Avenue, NW",566,NA,NA,ES," 36,668 ",Facility Allowance,6050898,NA,NA,0,-77.0323824,38.9622483,4,NA,NA,342,129,40,38,0.116959064,0.111111111,0.377192982,107,10690.63251,165,12,2004,1,504241.5,890.8860424,13.75154085,
PCS,Latin American Youth Center Career Academy,"3047 15th Street, NW",225,NA,NA,ALT," 15,500 ",Facility Allowance,1168680,NA,NA,1,-77.0357768,38.9285225,1,NA,NA,190,36,0,6,0,0.031578947,0.189473684,82,5194.133333,75,3,2013,1,389560,1731.377778,25.13290323,
DCPS,Leckie ES,4201 M L  King Ave  SW,480,Phase I,2012,ES," 65,000 ",PARTIAL MOD," $595,860 ",0,595860,1,-77.01289191,38.82819645,8,Hart MS,Ballou HS,478,8,226,53,0.472803347,0.110878661,0.016736402,136,1241.375,9,NA,NA,1,NA,NA,NA,
PCS,Lee Montessori PCS,"301 Douglas Street, NE",162,NA,NA,ES," 13,200 ",Facility Allowance,227328,NA,NA,1,-77.0020346,38.9234284,5,NA,NA,74,0,10,5,0.135135135,0.067567568,0,178,1403.259259,17,1,2015,1,227328,1403.259259,17.22181818,
DCPS,Ludlow-Taylor ES,659 G St  NE,362,Phase I,2013,ES," 66,896 ",PARTIAL MOD,11489803,-1026290,11762825,1,-76.99649249,38.89874381,6,Stuart-Hobson MS,Eastern HS,340,3,109,31,0.320588235,0.091176471,0.008823529,197,31739.78729,172,NA,NA,1,NA,NA,NA,
DCPS,Luke Moore HS,1001 Monroe St NE,350,Full,2006,ALT," 65,528 ",FULL MOD + ADD,0,0,NA,1,-76.99231633,38.93227605,5,,,350,2,0,41,0,0.117142857,0.005714286,187,0,0,NA,NA,1,NA,NA,NA,
DCPS,macfarland,NA,NA,NA,NA,NA," 11,000 ",STABILIZED,874564,50026000,53650564,1,NA,NA,4,NA,NA,NA,NA,NA,NA,NA,NA,NA,NA,NA,80,NA,NA,0,NA,NA,NA,
DCPS,Malcolm X ES,1500 Mississippi Ave. SE Washington,248,Phase 0,NA,ES," 77,700 ",STABILIZED, $-   ,0,52963,1,-76.98339858,38.84164506,8,Johnson MS,Ballou HS,NA,NA,NA,NA,NA,NA,NA,NA,0,0,NA,NA,1,NA,NA,NA,
DCPS,Malcolmx,NA,NA,NA,NA,NA," 110,800 ",STABILIZED, $-   ,0,0,1,NA,NA,8,NA,NA,NA,NA,NA,NA,NA,NA,NA,NA,NA,0,NA,NA,0,NA,NA,NA,
DCPS,Mamiedlee,100 Galatin St NW,120,NA,NA,SPED," 45,800 ",STABILIZED,2089951,0,2089951,0,NA,NA,5,NA,NA,56,4,29,0,0.517857143,0,0.071428571,1438,17416.25833,26,NA,NA,1,NA,NA,NA,
DCPS,mamiedleespedcntr,NA,NA,NA,NA,SPED," 45,800 ",STABILIZED,150000,0,150000,1,NA,NA,5,NA,NA,NA,NA,NA,NA,NA,NA,NA,NA,NA,3,NA,NA,0,NA,NA,NA,
DCPS,Mann ES,4430 Newark St NW,370,Full,2015,ES," 60,969 ",FULL MOD + ADD,34565362,-5.00E+05,37197238,1,-77.08782619,38.93429197,3,Hardy MS,Wilson HS,302,34,4,12,0.013245033,0.039735099,0.112582781,202,93419.8973,567,NA,NA,1,NA,NA,NA,
DCPS,Marie Reed ES,2201 18th St. NW,470,Phase 0,NA,ES," 162,688 ",STABILIZED,2970097,54503000,64904196,1,-77.04052995,38.91916731,1,Col Hts. Ed. Campus (6-8),Cardozo EC (9-12),393,189,143,41,0.363867684,0.1043257,0.480916031,414,6319.355319,18,NA,NA,1,NA,NA,NA,
DCPS,marshall,NA,NA,NA,NA,NA," 103,800 ",STABILIZED,0,0,0,1,NA,NA,5,NA,NA,NA,NA,NA,NA,NA,NA,NA,NA,NA,0,NA,NA,0,NA,NA,NA,
PCS,Mary McLeod Bethune Day Academy PCS Slowe Campus,"1404 Jackson Street, NE",450,NA,NA,ES/MS," 56,927 ",Facility Allowance,6686938,NA,NA,1,-76.9863281,38.9295686,5,NA,NA,381,8,237,35,0.622047244,0.091863517,0.020997375,149,14859.86222,117,8,2008,1,835867.25,1857.482778,14.68314245,
DCPS,Maury ES,1250 Constitution Ave NE,300,Phase I,2011,ES," 46,800 ",PARTIAL MOD,6444395,5044000,12620745,1,-76.9886575,38.89218486,6,Eliot-Hine MS,Eastern HS,366,2,48,23,0.131147541,0.06284153,0.005464481,128,21481.31667,138,NA,NA,1,NA,NA,NA,
PCS,Maya Angelou Evans Campus PCS,"5600 E Capitol Street, NE",646,NA,NA,ALT," 78,625 ",Facility Allowance,6961429,NA,NA,1,-76.9199181,38.8902854,7,NA,NA,252,0,0,88,0,0.349206349,0,312,10776.20588,89,11,2005,1,632857.1818,979.6550802,8.049057956,
PCS,Maya Angelou Young Adult Learning Center,"5600 E Capitol Street, NE",NA,NA,NA,ADULT," 47,175 ",Facility Allowance,1144584,NA,NA,1,-76.9199181,38.8902854,7,NA,NA,147,0,1,17,0.006802721,0.115646259,0,321,NA,24,3,2013,1,381528,NA,8.087503975,
DCPS,McKinley MS,151 T St NE,1160,Full,2014,," 62,000 ",FULL MOD,NA,NA,NA,0,-77.00412244,38.91521979,5,,Dunbar HS,202,5,119,31,0.589108911,0.153465347,0.024752475,307,NA,NA,NA,NA,1,NA,NA,NA,
DCPS,McKinley Technology HS,151 T St NE,1160,Full,2004,HS," 282,200 ",FULL MOD,77382544,0,77443210,0,-77.00488219,38.9152101,5,,,645,6,239,12,0.370542636,0.018604651,0.009302326,438,66709.08966,274,NA,NA,1,NA,NA,NA,
DCPS,mcterrell,NA,NA,NA,NA,NA," 112,000 ",STABILIZED," $1,706,121 ",0,1706121,1,NA,NA,8,NA,NA,NA,NA,NA,NA,NA,NA,NA,NA,NA,15,NA,NA,0,NA,NA,NA,
PCS,Meridian PCS,"2120 13th Street, NW",718,NA,NA,ES/MS," 61,900 ",Facility Allowance,20265712,NA,NA,1,-77.0299375,38.9185351,1,NA,NA,639,176,294,77,0.460093897,0.120500782,0.27543036,97,28225.22563,327,16,2000,1,1266607,1764.076602,20.46214863,
DCPS,Miner ES,601 15th St  NE,550,Full,2003,ES," 76,896 ",FULL REPLACEMENT,6391359,0,6391359,1,-76.98290432,38.89737568,6,Eliot-Hine MS,Eastern HS,398,7,296,66,0.743718593,0.165829146,0.01758794,193,11620.65273,83,NA,NA,1,NA,NA,NA,
DCPS,mmwashingtion,NA,NA,NA,NA,NA," 89,700 ",NA,18696,0,18696,1,NA,NA,NA,NA,NA,NA,NA,NA,NA,NA,NA,NA,NA,NA,0,NA,NA,0,NA,NA,NA,
DCPS,montgomery/kipp,NA,NA,NA,NA,NA," 73,700 ",STABILIZED,6934511,0,6934511,1,NA,NA,6,NA,NA,NA,NA,NA,NA,NA,NA,NA,NA,NA,94,NA,NA,0,NA,NA,NA,
DCPS,Moten ES,1565 Morris Rd SE,480,Full,2012,ES," 99,696 ",FULL MOD," $27,716,993 ",0,27856881,1,-76.98294365,38.85665719,8,Kramer MS,Anacostia HS,395,0,348,65,0.881012658,0.164556962,0,252,57743.73542,278,NA,NA,1,NA,NA,NA,
PCS,Mundo Verde Bilingual PCS,"30 P Street, NW",897,NA,NA,ES," 36,148 ",Facility Allowance,3140088,NA,NA,1,-77.0103408,38.9092812,5,NA,NA,404,84,57,22,0.141089109,0.054455446,0.207920792,89,3500.655518,87,4,2012,1,785022,875.1638796,21.71688613,
DCPS,Murch ES,4810 36th St  NW,488,Phase 0,NA,ES," 47,696 ",STABILIZED,748083,63156000,68294774,1,-77.07007921,38.95293319,3,Deal MS,Wilson HS,620,56,18,23,0.029032258,0.037096774,0.090322581,77,1532.956967,16,NA,NA,1,NA,NA,NA,
DCPS,Nalle ES,219 50th St  SE,400,Phase I,2012,ES," 83,900 ",PARTIAL MOD,11521407,0,11570572,1,-76.93079651,38.88595408,7,Kelly Miller MS,Woodson HS,384,6,295,45,0.768229167,0.1171875,0.015625,218,28803.5175,137,NA,NA,1,NA,NA,NA,
PCS,National Collegiate Prep PCS,"4600 Livingston Road, SE",400,NA,NA,HS," 50,000 ",Facility Allowance,4199632,NA,NA,1,-77.0031886,38.8239325,8,NA,NA,306,0,213,40,0.696078431,0.130718954,0,163,10499.08,84,6,2010,1,699938.6667,1749.846667,13.99877333,
DCPS,Noyes ES,2725 10th St  NE,391,Full,2004,ES," 51,496 ",FULL MOD + ADD,24719301,0,24719301,1,-76.99184288,38.92517765,5,Brookland MS,Dunbar HS,289,11,182,44,0.629757785,0.152249135,0.038062284,178,63220.71867,480,NA,NA,1,NA,NA,NA,
PCS,Options PCS,"1375 E Street, NE",1127,NA,NA,MS/HS," 66,622 ",Facility Allowance,5525896,NA,NA,1,-76.986356,38.895719,6,NA,NA,268,0,218,168,0.813432836,0.626865672,0,249,4903.190772,83,6,2010,1,920982.6667,817.198462,13.82400208,
DCPS,Orr ES,2200 Minnesota Ave  SE,392,Phase 0,NA,ES," 75,900 ",STABILIZED, $-   ,41995000,44995000,1,-76.97448402,38.87179682,8,Kramer MS,Anacostia HS,384,2,295,54,0.768229167,0.140625,0.005208333,198,0,0,NA,NA,1,NA,NA,NA,
DCPS,Oyster-Adams Bilingual School,2801 Calvert St NW,350,Full,2001,ES," 47,984 ",FULL REPLACEMENT,0,0,NA,1,-77.04437725,38.9173092,3,NA,Wilson HS,NA,NA,NA,NA,NA,NA,NA,NA,0,0,NA,NA,1,NA,NA,NA,
DCPS,Oyster-Adams Bilingual School,2020 19th St. NW,324,Phase 0,NA,MS," 59,400 ",STABILIZED,3803375,12236000,16039375,1,-77.04437725,38.9173092,3,NA,Wilson HS,NA,NA,NA,NA,NA,NA,NA,NA,11738.81173,64,NA,NA,1,NA,NA,NA,
DCPS,Patterson ES,4399 South Capitol Terr  SW,382,Full,2004,ES," 76,896 ",FULL REPLACEMENT," $5,365,870 ",0,5365870,1,-77.00848471,38.82696603,8,Hart MS,Ballou HS,380,1,323,44,0.85,0.115789474,0.002631579,202,14046.7801,70,NA,NA,1,NA,NA,NA,
PCS,Paul Public Charter School - International High School,"5800 8th Street, NW",NA,NA,NA,HS," 59,423 ",Facility Allowance,1757400,NA,NA,1,-77.0248615,38.9613283,4,NA,NA,325,24,159,42,0.489230769,0.129230769,0.073846154,183,NA,30,2,2014,1,878700,NA,14.78720361,
PCS,Paul Public Charter School - Middle School,"5800 8th Street, NW",780,NA,NA,MS," 68,565 ",Facility Allowance,21115814,NA,NA,1,-77.0248615,38.9613283,4,NA,NA,376,24,160,47,0.425531915,0.125,0.063829787,182,27071.55641,308,15,2001,1,1407720.933,1804.770427,20.53118841,
DCPS,Payne ES,1445 C St SE,348,Full,2016,ES," 83,792 ",FULL MOD,22389213,27450,27815086,1,-76.98419491,38.88513231,6,Eliot-Hine MS,Eastern HS,277,5,165,30,0.59566787,0.108303249,0.018050542,302,64336.81897,267,NA,NA,1,NA,NA,NA,
DCPS,Peabody ES,425 C St  NE,228,Phase I,2013,PK3-K," 37,800 ",PARTIAL MOD,7028816,0,7099258,1,-76.99985799,38.89289599,6,Stuart-Hobson MS,Eastern HS,227,4,16,10,0.070484581,0.044052863,0.017621145,167,30828.14035,186,NA,NA,1,NA,NA,NA,
PCS,Perry Street Prep PCS,"1800 Perry Street, NE",1250,NA,NA,PK3-12," 171,000 ",Facility Allowance,28592629,NA,NA,1,-76.9783016,38.9363691,5,NA,NA,619,10,343,93,0.554119548,0.150242326,0.016155089,276,22874.1032,167,16,2000,1,1787039.313,1429.63145,10.4505223,
DCPS,Phelps ACE HS,704 26th Street NE,512,Full,2008,HS," 146,976 ",FULL MOD + ADD,0,0,NA,1,-76.97189763,38.90199169,5,,,323,9,166,42,0.513931889,0.13003096,0.027863777,455,0,0,NA,NA,1,NA,NA,NA,
DCPS,Plummer ES,4601 Texas Ave  SE,448,Phase I,2014,ES," 69,392 ",PARTIAL MOD,13846933,26191,14299544,1,-76.93993468,38.88723986,7,Sousa MS,Anacostia HS,428,24,354,54,0.827102804,0.126168224,0.056074766,162,30908.33259,200,NA,NA,1,NA,NA,NA,
PCS,Potomac Preparatory PCS,"4401 8th Street, NE",650,NA,NA,ES/MS," 42,016 ",Facility Allowance,7783669,NA,NA,1,-76.9944091,38.9430337,5,NA,NA,425,0,261,50,0.614117647,0.117647059,0,99,11974.87538,185,10,2006,1,778366.9,1197.487538,18.52548791,
DCPS,Powell ES,1350 Upshur St  NW,304,Full,2016,ES," 76,848 ",FULL MOD + ADD,25490976,2504026,44744174,1,-77.03122742,38.94153401,4,Col. Hts. EC (6-8),Cardozo EC (6-12),446,250,202,57,0.452914798,0.127802691,0.560538117,172,83851.89474,332,NA,NA,1,NA,NA,NA,
DCPS,prharris,NA,NA,NA,NA,NA," 348,700 ",STABILIZED, $700 ,0,700,1,NA,NA,8,NA,NA,NA,NA,NA,NA,NA,NA,NA,NA,NA,0,NA,NA,0,NA,NA,NA,
DCPS,Randle Highlands ES,1650 30th St  SE,450,Full,2002,ES," 72,476 ",FULL REPLACEMENT,8391223,0,8391223,1,-76.96435628,38.8700914,7,Kramer MS,Anacostia HS,360,3,228,49,0.633333333,0.136111111,0.008333333,201,18647.16222,116,NA,NA,1,NA,NA,NA,
DCPS,Raymond EC,915 Spring Rd  NW,615,Phase 0,NA,ES/MS," 73,600 ",STABILIZED,0,19567000,19567000,1,-77.02643266,38.93581087,4,,Roosevelt HS,581,245,308,96,0.530120482,0.165232358,0.421686747,127,0,0,NA,NA,1,NA,NA,NA,
DCPS,rhterrell,NA,NA,NA,NA,NA," 143,700 ",DEMOLISHED,1446215,0,1446215,1,NA,NA,2,NA,NA,NA,NA,NA,NA,NA,NA,NA,NA,NA,10,NA,NA,0,NA,NA,NA,
PCS,Richard Wright PCS for Journalism and Media Arts,"770 M Street, SE",398,NA,NA,MS/HS," 28,000 ",Facility Allowance,2883960,NA,NA,1,-76.995574,38.877003,6,NA,NA,305,1,225,58,0.737704918,0.190163934,0.003278689,92,7246.130653,103,4,2012,1,720990,1811.532663,25.74964286,
DCPS,River Terrace Special Education Center,420 34th St NE,180,Full,2015,SPED," 77,707 ",FULL MOD + ADD,32133707,-2200000,35717175,1,-76.95752,38.89495,7,NA,NA,NA,NA,NA,NA,NA,NA,NA,NA,NA,414,NA,NA,1,NA,NA,NA,
DCPS,ronbrown,NA,NA,NA,NA,NA," 156,000 ",STABILIZED,0,44597000,47347000,1,NA,NA,7,NA,NA,NA,NA,NA,NA,NA,NA,NA,NA,NA,0,NA,NA,0,NA,NA,NA,
DCPS,Roosevelt HS,4301 13th St NW,1030,Full,2015,HS," 331,840 ",FULL MOD + ADD,117015598,1887406,143557836,0,-77.02777634,38.94360818,4,,,476,143,394,141,0.827731092,0.296218487,0.300420168,697,113607.3767,353,NA,NA,1,NA,NA,NA,
DCPS,Roosevelt STAY,4301 13th St NW,,Full,2015,HS,,FULL MOD + ADD,,1887406,,0,-77.02777634,38.94360818,4,,,,,,141,0.827731092,0.296218487,0.300420168,697,113607.3767,353,NA,NA,1,NA,NA,NA,
PCS,Roots PCS,"15 Kennedy Street, NW",230,NA,NA,ES," 10,374 ",Facility Allowance,3896368,NA,NA,0,-77.010142,38.9567798,4,NA,NA,95,2,39,7,0.410526316,0.073684211,0.021052632,109,16940.73043,376,16,2000,1,243523,1058.795652,23.47435897,
PCS,Roots PCS,"6222 North Capitol Street, NW",230,NA,NA,ES," 10,374 ",Facility Allowance,3896368,NA,NA,0,-77.0094126,38.9661824,4,NA,NA,95,2,39,7,0.410526316,0.073684211,0.021052632,109,16940.73043,376,16,2000,1,243523,1058.795652,23.47435897,
DCPS,Ross ES,1730 R St  NW,176,Phase I,2012,ES," 22,400 ",PARTIAL MOD,2604666,0,2612974,1,-77.03966215,38.91239081,2,Cardozo EC (6-8),Cardozo EC (9-12),166,28,10,5,0.060240964,0.030120482,0.168674699,135,14799.23864,116,NA,NA,1,NA,NA,NA,
DCPS,rudolph,NA,NA,NA,NA,NA," 84,400 ",STABILIZED,1.00E+05,0,1.00E+05,1,NA,NA,4,NA,NA,NA,NA,NA,NA,NA,NA,NA,NA,NA,1,NA,NA,0,NA,NA,NA,
DCPS,Savoy ES,2400 Shannon Pl SE,430,Full,2009,ES," 86,800 ",FULL MOD + ADD," $21,059,646 ",0,21059646,1,-76.99360426,38.86285165,8,Kramer MS,Anacostia HS,408,4,333,51,0.816176471,0.125,0.009803922,213,48975.92093,243,NA,NA,1,NA,NA,NA,
PCS,School for Educational Evolution and Development (SEED) PCS,"4300 C Street, SE",488,NA,NA,MS/HS," 48,128 ",Facility Allowance,31414511,NA,NA,1,-76.9464327,38.8869027,7,NA,NA,336,0,172,57,0.511904762,0.169642857,0,143,64373.99795,653,17,1999,1,1847912.412,3786.705762,38.39578648,
DCPS,School Without Walls @ Francis-Stevens EC,2425 N St  NW,437,Phase 0,NA,ES/MS," 95,088 ",STABILIZED,1314689,20178000,22278000,1,-77.052321,38.90746917,2,,Cardozo EC (9-12),414,25,109,58,0.263285024,0.140096618,0.060386473,230,3008.441648,14,NA,NA,1,NA,NA,NA,
DCPS,School Without Walls HS,2130 G St NW,520,Full,2009,HS," 74,000 ",FULL MOD + ADD,0,0,NA,1,-77.04818647,38.89812379,2,,,NA,NA,NA,NA,NA,NA,NA,NA,0,0,NA,NA,1,NA,NA,NA,
DCPS,School-Within-School,920 F STREET NE,450,Phase I,2005,ES," 59,200 ",PARTIAL MOD,1365487,12028931,16383000,1,-76.99318302,38.89756466,6,NA,,126,1,70,37,0.555555556,0.293650794,0.007936508,470,3034.415556,23,NA,NA,1,NA,NA,NA,
DCPS,Seaton ES,1503 10th St  NW,325,Phase I,2011,ES," 65,000 ",PARTIAL MOD,4298925,0,4302057,1,-77.02488247,38.91061836,6,Cardozo EC (6-8),Cardozo EC (9-12),295,125,148,32,0.501694915,0.108474576,0.423728814,220,13227.46154,66,NA,NA,1,NA,NA,NA,
PCS,Sela PCS,"6015 Chillum Place, NE",NA,NA,NA,ES," 15,680 ",Facility Allowance,483192,NA,NA,1,-77.0074503,38.9639099,4,NA,NA,86,8,24,8,0.279069767,0.093023256,0.093023256,NA,NA,NA,2,2014,1,241596,NA,NA,
DCPS,sharpehealth,"4300 13th Street NW
",120,NA,NA,SPED," 80,500 ",STABILIZED,2089951,0,2089951,0,NA,NA,4,NA,,60,7,31,3,0.516666667,0.05,0.116666667,1342,17416.25833,26,NA,NA,1,NA,NA,NA,
DCPS,shaw,NA,NA,NA,NA,NA," 230,400 ",STABILIZED,10000,0,10000,1,NA,NA,6,NA,NA,NA,NA,NA,NA,NA,NA,NA,NA,NA,0,NA,NA,0,NA,NA,NA,
DCPS,Shepherd ES,7800 14th St  NW,400,Phase I,2016,ES," 79,696 ",FULL MOD + ADD,20462934,1274389,31576280,1,-77.03399523,38.98460295,4,Hardy MS,Wilson HS,318,6,59,39,0.185534591,0.122641509,0.018867925,251,51157.335,257,NA,NA,1,NA,NA,NA,
PCS,Shining Stars Montessori PCS,"6017 Chillum Place, NE",NA,NA,NA,PK3-K," 13,580 ",Facility Allowance,947496,NA,NA,1,-77.007573,38.9640197,4,NA,NA,118,12,20,1,0.169491525,0.008474576,0.101694915,NA,NA,NA,4,2012,1,236874,NA,NA,
DCPS,Simon ES,401 Mississippi Ave  SE,325,Phase I,2012,ES," 66,192 ",PARTIAL MOD," $8,505,311 ",0,8672620,1,-77.000195,38.8359802,8,Hart MS,Ballou HS,293,2,227,38,0.774744027,0.129692833,0.006825939,226,26170.18769,128,NA,NA,1,NA,NA,NA,
DCPS,Smothers ES,4400 Brooks St  NE,344,Phase 0,NA,ES," 43,000 ",STABILIZED,152322,12679000,12831322,1,-76.93846864,38.8935537,7,Kelly Miller MS,Woodson HS,275,6,203,30,0.738181818,0.109090909,0.021818182,156,442.7965116,4,NA,NA,1,NA,NA,NA,
PCS,Somerset PCS,"3301 Wheeler Road, SE",1149,NA,NA,MS," 112,000 ",Facility Allowance,1217280,NA,NA,1,-76.9939903,38.842272,8,NA,NA,240,0,160,44,0.666666667,0.183333333,0,467,1059.425587,11,2,2014,1,608640,529.7127937,5.434285714,
DCPS,Sousa MS,3650 Ely Pl SE,636,Full,2008,MS," 136,000 ",FULL MOD,0,0,NA,1,-76.95315885,38.88389408,7,NA,Anacostia HS,284,0,209,82,0.735915493,0.288732394,0,479,0,0,NA,NA,1,NA,NA,NA,
PCS,St. Coletta Special Education PCS,"1901 Independence Avenue, SE",525,NA,NA,SPED," 99,540 ",Facility Allowance,6315254,NA,NA,1,-76.9764947,38.8868079,6,NA,NA,252,20,111,251,0.44047619,0.996031746,0.079365079,395,12029.05524,63,9,2007,1,701694.8889,1336.561693,7.049376019,
DCPS,Stanton ES,2701 Naylor Rd  SE,586,Full,2016,ES," 95,000 ",FULL MOD + ADD," $23,307,939 ",2165644,36035000,1,-76.96849023,38.85927177,8,Kramer MS,Anacostia HS,578,0,502,94,0.868512111,0.162629758,0,164,39774.63993,245,NA,NA,1,NA,NA,NA,
DCPS,Stoddert ES,4001 Calvert St  NW,320,Full,2010,ES," 65,200 ",FULL MOD + ADD,18707417,0,18707417,1,-77.0790738,38.92304431,3,Hardy MS,Wilson HS,418,72,18,15,0.043062201,0.035885167,0.172248804,156,58460.67813,287,NA,NA,1,NA,NA,NA,
DCPS,Stuart-Hobson MS,410 E St  NE,450,Full,2015,MS," 115,242 ",FULL MOD + ADD,44653267,1190116,47666762,1,-77.00000438,38.89629737,6,,Eastern HS,423,3,143,83,0.338061466,0.196217494,0.007092199,272,99229.48222,387,NA,NA,1,NA,NA,NA,
DCPS,Takoma EC,7010 Piney Branch Rd  NW,450,Full,2012,ES/MS," 118,992 ",FULL MOD,26979598,0,27036559,1,-77.02279493,38.97504254,4,,Coolidge HS,442,113,189,70,0.42760181,0.158371041,0.255656109,269,59954.66222,227,NA,NA,1,NA,NA,NA,
PCS,The Next Step PCS,"3047 15th Street, NW",375,NA,NA,ALT," 31,352 ",Facility Allowance,3142236,NA,NA,1,-77.0357768,38.9285225,1,NA,NA,363,203,0,13,0,0.035812672,0.55922865,86,8379.296,100,7,2006,1,448890.8571,1197.042286,14.31777421,
DCPS,Thomas ES,650 Anacostia Ave NE,474,Phase I,2013,ES," 87,600 ",PARTIAL MOD,7563320,0,7572071,1,-76.95211091,38.90127864,7,Kelly Miller MS,Woodson HS,408,6,295,44,0.723039216,0.107843137,0.014705882,215,15956.37131,86,NA,NA,1,NA,NA,NA,
DCPS,Thomson ES,1200 L St  NW,320,Full,2006,ES," 74,992 ",FULL MOD + ADD,25521091,0,25521091,1,-77.02843003,38.903496,2,Jefferson Acad. MS,Eastern HS,272,141,124,40,0.455882353,0.147058824,0.518382353,276,79753.40938,340,NA,NA,1,NA,NA,NA,
PCS,Thurgood Marshall Academy PCS,"2427 Martin Luther King Jr. Avenue, SE",416,NA,NA,HS," 63,625 ",Facility Allowance,12321572,NA,NA,1,-76.9937918,38.8623418,8,NA,NA,395,0,216,50,0.546835443,0.126582278,0,161,29619.16346,194,14,2002,1,880112.2857,2115.654533,13.83280606,
PCS,Tree of Life Community PCS,"2315 18th Place, NE",1393,NA,NA,ES/MS," 28,076 ",Facility Allowance,10057948,NA,NA,1,-76.9777082,38.9207757,5,NA,NA,286,2,185,25,0.646853147,0.087412587,0.006993007,98,7220.350323,358,15,2001,1,670529.8667,481.3566882,23.88267085,
DCPS,Truesdell EC,800 Ingraham St  NW,542,Phase I,2010,ES/MS," 69,600 ",PARTIAL MOD,4465045,7489000,11954045,1,-77.02507158,38.95396836,4,,Roosevelt HS,526,239,290,104,0.551330798,0.197718631,0.454372624,132,8238.090406,64,NA,NA,1,NA,NA,NA,
DCPS,Tubman ES,3101 13th St  NW,500,Phase I,2009,ES," 66,592 ",PARTIAL MOD,3644743,0,3644743,1,-77.0294433,38.92919824,1,Col. Hts. EC (6-8),Cardozo EC (9-12),498,167,302,69,0.606425703,0.138554217,0.335341365,134,7289.486,55,NA,NA,1,NA,NA,NA,
DCPS,Turner ES,3264 Stanton Rd SE,530,Full,2013,ES," 101,093 ",FULL MOD + ADD," $27,580,545 ",0,27695424,1,-76.98030993,38.84763494,8,Johnson MS,Ballou HS,392,0,333,52,0.849489796,0.132653061,0,258,52038.76415,273,NA,NA,1,NA,NA,NA,
PCS,Two Rivers PCS,"1227 4th Street, NE ",686,NA,NA,ES/MS," 51,005 ",Facility Allowance,8446894,NA,NA,0,-77.0001838,38.9067354,6,NA,NA,518,20,126,107,0.243243243,0.206563707,0.038610039,98,12313.25656,166,8,2005,1,1055861.75,1539.15707,20.70114204,
PCS,Two Rivers PCS,"1234 4th Street, NE",686,NA,NA,ES/MS," 51,005 ",Facility Allowance,8446894,NA,NA,0,-77.000978,38.90642,6,NA,NA,518,20,126,107,0.243243243,0.206563707,0.038610039,98,12313.25656,166,8,2005,1,1055861.75,1539.15707,20.70114204,
DCPS,Tyler ES,1001 G St  SE,564,Phase I,2010,ES," 69,600 ",PARTIAL MOD,3750929,0,3750929,1,-76.99204166,38.88108402,6,Jefferson Acad. MS,Eastern HS,522,9,239,74,0.457854406,0.141762452,0.017241379,133,6650.583333,54,NA,NA,1,NA,NA,NA,
DCPS,Van Ness ES,1150 5th St SE,336,Full,2016,ES," 49,400 ",FULL MOD + ADD,10556642,17995000,32448396,1,-76.99914,38.87675,6,Jefferson Acad. MS,Eastern HS,NA,NA,NA,NA,NA,NA,NA,NA,NA,214,NA,NA,1,NA,NA,NA,
DCPS,Walker-Jones EC,1125 New Jersey Ave NW,700,Full,2009,ES/MS," 95,000 ",FULL REPLACEMENT,40442253,0,40442253,1,-77.01391586,38.90419176,6,,Dunbar HS,465,8,348,124,0.748387097,0.266666667,0.017204301,204,57774.64714,426,NA,NA,1,NA,NA,NA,
PCS,Washington Latin PCS HS,"5201 2nd Street, NW",835,NA,NA,HS," 29,280 ",Facility Allowance,4643648,NA,NA,1,-77.013189,38.953489,4,NA,NA,304,6,70,31,0.230263158,0.101973684,0.019736842,96,5561.25509,159,7,2009,1,663378.2857,794.4650128,22.65636222,
PCS,Washington Latin PCS MS,"5200 2nd Street, NW",835,NA,NA,MS," 35,040 ",Facility Allowance,6687433,NA,NA,1,-77.0140391,38.9538896,4,NA,NA,366,3,16,29,0.043715847,0.079234973,0.008196721,96,8008.901796,191,7,2009,1,955347.5714,1144.128828,27.26448549,
PCS,Washington Math Science Tech PCS,"1920 Bladensburg Road, NE",420,NA,NA,HS," 49,116 ",Facility Allowance,13661934,NA,NA,1,-76.9737654,38.9164261,5,NA,NA,335,3,222,72,0.662686567,0.214925373,0.008955224,147,32528.41429,278,17,1999,1,803643.1765,1913.436134,16.36214628,
DCPS,Washington Metropolitan HS,300 Bryant Street NW,350,Phase 0,NA,ALT," 49,496 ",STABILIZED,0,9900000,9900000,1,-77.01558467,38.92042978,1,,,NA,NA,NA,NA,NA,NA,NA,NA,0,0,NA,NA,1,NA,NA,NA,
PCS,Washington Yu Ying PCS,"220 Taylor Street, NE",610,NA,NA,ES," 41,118 ",Facility Allowance,7254586,NA,NA,1,-77.0036779,38.941395,5,NA,NA,528,31,22,30,0.041666667,0.056818182,0.058712121,78,11892.76393,176,7,2009,1,1036369.429,1698.966276,25.2047626,
DCPS,Watkins ES,420 12th St  SE,587,Phase 0,NA,ES," 69,296 ",STABILIZED,2675972,30313978,39400200,1,-76.98999677,38.88346667,6,Stuart-Hobson MS,Eastern HS,500,4,98,45,0.196,0.09,0.008,139,4558.725724,39,NA,NA,1,NA,NA,NA,
DCPS,West EC,1338 Farragut St  NW,278,Phase 0,NA,ES/MS," 69,642 ",STABILIZED,0,35095000,35095000,1,-77.03225306,38.95136708,4,,Roosevelt HS,267,27,112,44,0.419475655,0.164794007,0.101123596,261,0,0,NA,NA,1,NA,NA,NA,
DCPS,Wheatley EC,1299 Neal St NE,500,Full,2009,ES/MS," 86,368 ",FULL MOD + ADD,42645563,0,42645768,1,-76.98850077,38.90411741,5,,Dunbar HS,NA,NA,NA,NA,NA,NA,NA,NA,85291.126,494,NA,NA,1,NA,NA,NA,
DCPS,Whittier EC,6201 5th St  NW,520,Phase I,2013,ES/MS," 71,092 ",PARTIAL MOD + ADD,5208611,0,5241031,1,-77.0192386,38.96585694,4,,Coolidge HS,350,38,214,74,0.611428571,0.211428571,0.108571429,203,10016.55962,73,NA,NA,1,NA,NA,NA,
DCPS,wilkinson,NA,NA,NA,NA,NA," 144,900 ",STABILIZED," $500,000 ",0,5.00E+05,1,NA,NA,8,NA,NA,NA,NA,NA,NA,NA,NA,NA,NA,NA,3,NA,NA,0,NA,NA,NA,
PCS,William E. Doar Jr PCS,"705 Edgewood Street, NE",560,NA,NA,ES/MS," 46,835 ",Facility Allowance,6138356,NA,NA,1,-76.9957981,38.9236618,5,NA,NA,439,13,223,35,0.507972665,0.079726651,0.029612756,107,10961.35,131,6,2005,1,1023059.333,1826.891667,21.84390591,
DCPS,Wilson HS,3950 Chesapeake St NW,1700,Full,2011,HS," 376,448 ",FULL MOD + ADD,114246156,0,114320882,1,-77.0777752,38.95015581,3,,,1788,106,550,263,0.307606264,0.147091723,0.059284116,211,67203.62118,303,NA,NA,1,NA,NA,NA,
DCPS,"Woodson, H.D. HS",540 55th St. NE,1000,Full,2011,HS," 253,406 ",FULL REPLACEMENT,107742134,0,107779131,1,-76.92232214,38.89678282,7,,,639,6,501,193,0.784037559,0.302034429,0.009389671,397,107742.134,425,NA,NA,1,NA,NA,NA,
DCPS,Youth Services Center,NA,NA,NA,NA,NA, NA ,NA,NA,NA,NA,NA,-76.98858584,38.91213926,5,NA,NA,76,1,0,32,0,0.421052632,0.013157895,NA,NA,NA,NA,NA,NA,NA,NA,NA,
PCS,Youthbuild PCS,3014 14th St NW,100,NA,NA,ALT," 11,709 ",Facility Allowance,2747123,NA,NA,1,-77.0327382,38.9277886,1,NA,NA,112,7,0,10,0,0.089285714,0.0625,105,27471.23,235,10,2006,1,274712.3,2747.123,23.46163635,
,,,0,,,,,,,,,,,,,,,,,,,,,,,,,,,,,,,
