"Agency","School","maxOccupancy","Level","MajorExp9815","TotalAllotandPlan1621","LifetimeBudget","FeederMS","FeederHS","AtRiskPer","SpentPerMaxOccupancy","SpentPerSqFt","Open.Now","AnnualExpenseAverage","AnnualSpentPerMaxOccupany","AnnualSpentPerSqFt","Ward"
"PCS","Cesar Chavez Parkside MS PCS",NA,"MS","16948761",NA,NA,NA,NA,0.673267326732673,55936.5049504951,549.036637512148,1,1694876.1,5593.65049504951,54.9036637512148,"7"
"PCS","Community Academy Amos I",957,"ES","13482960",NA,NA,NA,NA,0.442372881355932,22852.4745762712,245.144727272727,1,1348296,2285.24745762712,24.5144727272727,"4"
"PCS","Community Academy Butler Global",1020,"ES","7549324",NA,NA,NA,NA,0.520076481835564,14434.6539196941,75.49324,1,754932.4,1443.46539196941,7.549324,"5"
"PCS","Community Academy CAPCS Online",217,"ES/MS","3128675",NA,NA,NA,NA,0.349593495934959,25436.3821138211,155.655472636816,1,347630.555555556,2826.26467931346,17.2950525152018,"4"
"PCS","Cesar Chavez PCS Parkside Upper",834,"HS","3379632",NA,NA,NA,NA,0.640449438202247,9493.34831460674,93.839566847147,1,1126544,3164.44943820225,31.2798556157157,"7"
"PCS","Friendship PCS SouthEast Academy",950,"ES","17344193",NA,NA,NA,NA,0.715277777777778,30111.4461805556,296.284408684808,1,1445349.41666667,2509.28718171296,24.6903673904007,"8"
"PCS","Hope Community PCS Tolson Campus",540,"ES/MS","9509758",NA,NA,NA,NA,0.51063829787234,18394.1160541586,283.273003485151,1,1188719.75,2299.26450676983,35.4091254356439,"5"
"PCS","Howard University Middle School of Math and Science PCS",435,"MS","8215644",NA,NA,NA,NA,0.391156462585034,27944.3673469388,391.818199160626,1,821564.4,2794.43673469388,39.1818199160626,"1"
"PCS","Potomac Preparatory PCS",650,"ES/MS","7783669",NA,NA,NA,NA,0.614117647058824,18314.5152941176,185.254879093679,1,778366.9,1831.45152941176,18.5254879093679,"5"
"PCS","Washington Latin PCS MS",835,"MS","6687433",NA,NA,NA,NA,0.0437158469945355,18271.674863388,190.851398401826,1,955347.571428571,2610.23926619828,27.2644854859752,"4"
"PCS","Cesar Chavez PCS Chavez Prep",420,"MS","6096304",NA,NA,NA,NA,0.513595166163142,18417.836858006,169.064699520231,1,762038,2302.22960725076,21.1330874400288,"1"
"PCS","Youthbuild PCS",100,"ALT","2747123",NA,NA,NA,NA,0,24527.8839285714,234.616363481083,1,274712.3,2452.78839285714,23.4616363481083,"1"
"PCS","D C  Preparatory Edgewood Elementary Campus PCS",499,"ES","9341738",NA,NA,NA,NA,0.456018518518519,21624.3935185185,186.648111888112,1,1167717.25,2703.04918981481,23.331013986014,"5"
"PCS","Hope Community PCS Lamond Campus",500,"ES","8335030",NA,NA,NA,NA,0.41340782122905,23282.2067039106,203.293414634146,1,1041878.75,2910.27583798883,25.4116768292683,"4"
"PCS","Ideal Academy PCS North Capitol Street Campus ES",500,"ES/MS","6508377",NA,NA,NA,NA,0.622895622895623,21913.7272727273,185.476688515247,1,813547.125,2739.21590909091,23.1845860644058,"4"
"PCS","Mary McLeod Bethune Day Academy PCS Slowe Campus",450,"ES/MS","6686938",NA,NA,NA,NA,0.622047244094488,17551.0183727034,117.465139564706,1,835867.25,2193.87729658793,14.6831424455882,"5"
"PCS","AppleTree Early Learning Center PCS Columbia Heights",188,"PK3-K","3156647",NA,NA,NA,NA,0.355828220858896,19365.9325153374,258.656751884628,1,394580.875,2420.74156441718,32.3320939855785,"1"
"PCS","AppleTree Early Learning Center PCS Southwest",158,"PK3-K","736320",NA,NA,NA,NA,0.476744186046512,8561.86046511628,119.493670886076,1,184080,2140.46511627907,29.873417721519,"6"
"PCS","E L  Haynes PCS Georgia Avenue",516,"MS","6850144",NA,NA,NA,NA,0.416445623342175,18170.1432360743,150.60557558702,1,1141690.66666667,3028.35720601238,25.1009292645033,"1"
"PCS","Cesar Chavez Capitol Hill PCS",430,"HS","12075294",NA,NA,NA,NA,0.628491620111732,33729.8715083799,301.88235,1,1207529.4,3372.98715083799,30.188235,"6"
"PCS","Community Academy Amos II",600,"ES","5565731",NA,NA,NA,NA,0.586626139817629,16917.1155015198,109.994683794466,1,556573.1,1691.71155015198,10.9994683794466,"5"
"PCS","Elsie Whitlow Stokes Community Freedom PCS",450,"ES","11118784",NA,NA,NA,NA,0.177142857142857,31767.9542857143,343.798398317925,1,654046.117647059,1868.70319327731,20.223435195172,"5"
"PCS","IDEA PCS",490,"HS","13450019",NA,NA,NA,NA,0.76036866359447,61981.6543778802,192.143128571429,1,791177.588235294,3645.97966928707,11.3025369747899,"7"
"PCS","Meridian PCS",718,"ES/MS","20265712",NA,NA,NA,NA,0.460093896713615,31714.7292644757,327.394378029079,1,1266607,1982.17057902973,20.4621486268174,"1"
"PCS","Options PCS",1127,"MS/HS","5525896",NA,NA,NA,NA,0.813432835820896,20619.0149253731,82.9440124883672,1,920982.666666667,3436.50248756219,13.8240020813945,"6"
"PCS","School for Educational Evolution and Development (SEED) PCS",488,"MS/HS","31414511",NA,NA,NA,NA,0.511904761904762,93495.5684523809,652.728370179521,1,1847912.41176471,5499.73932072829,38.3957864811483,"7"
"PCS","Washington Math Science Tech PCS",420,"HS","13661934",NA,NA,NA,NA,0.662686567164179,40781.8925373134,278.156486684583,1,803643.176470588,2398.93485513608,16.3621462755637,"5"
"PCS","Capital City Middle School",NA,"MS","3252992",NA,NA,NA,NA,0.346875,10165.6,57.037013658759,1,813248,2541.4,14.2592534146897,"4"
"PCS","Tree of Life Community PCS",1393,"ES/MS","10057948",NA,NA,NA,NA,0.646853146853147,35167.6503496504,358.240062686992,1,670529.866666667,2344.51002331002,23.8826708457995,"5"
"PCS","Capital City Lower PCS",1180,"ES","5829980",NA,NA,NA,NA,0.22360248447205,18105.5279503106,102.221170199709,1,832854.285714286,2586.50399290151,14.6030243142441,"4"
"PCS","Friendship PCS Woodson Collegiate Academy",1500,"HS","37822656",NA,NA,NA,NA,0.585503963759909,42834.2650056625,248.833263157895,1,3151888,3569.52208380521,20.7361052631579,"7"
"PCS","Somerset PCS",1149,"MS","1217280",NA,NA,NA,NA,0.666666666666667,5072,10.8685714285714,1,608640,2536,5.43428571428571,"8"
"PCS","Cedar Tree Academy PCS",650,"PK3-K","2065776",NA,NA,NA,NA,0.729050279329609,5770.32402234637,66.637935483871,1,1032888,2885.16201117318,33.3189677419355,"8"
"PCS","Thurgood Marshall Academy PCS",416,"HS","12321572",NA,NA,NA,NA,0.546835443037975,31193.853164557,193.659284872299,1,880112.285714286,2228.13236889693,13.832806062307,"8"
"PCS","Eagle Academy PCS - Eagle Center at McGogney",1241,"ES","10094728",NA,NA,NA,NA,0.602067183462532,13042.2842377261,168.245466666667,1,1682454.66666667,2173.71403962102,28.0409111111111,"8"
"PCS","D C  Preparatory Edgewood Middle Campus PCS",340,"MS","6749878",NA,NA,NA,NA,0.343537414965986,22958.768707483,169.825340914809,1,843734.75,2869.84608843537,21.2281676143511,"5"
"PCS","Sela PCS",NA,"ES","483192",NA,NA,NA,NA,0.27906976744186,5618.51162790698,30.8158163265306,1,241596,2809.25581395349,15.4079081632653,"4"
"DCPS","Aiton ES",442,"ES","8916",12115000,"14515000","Kelly Miller MS","Woodson HS",0.816793893129771,20.1719457013575,0.15614711033275,1,NA,NA,NA,"7"
"DCPS","Bancroft ES",563,"ES","1446450",59943000,"66496000","Deal MS","Wilson HS",0.356299212598425,2569.18294849023,18.1277571686385,1,NA,NA,NA,"1"
"DCPS","Barnard ES",486,"ES","17867772",0,"17867772","Truesdell or West EC (6th-8th)","Roosevelt HS",0.471760797342193,36764.962962963,246.465625689693,1,NA,NA,NA,"4"
"DCPS","Beers ES",430,"ES","14813933",-24188,"15123196","Sousa MS","Anacostia HS",0.554794520547945,34451.0069767442,191.177124199876,1,NA,NA,NA,"7"
"PCS","William E. Doar Jr PCS",560,"ES/MS","6138356",NA,NA,NA,NA,0.507972665148064,13982.5876993166,131.06343546493,1,1023059.33333333,2330.43128321944,21.8439059108217,"5"
"DCPS","Brent ES",369,"ES","4475354",0,"4485194","Jefferson Acad. MS","Eastern HS",0.0625,12128.3306233062,94.2179789473684,1,NA,NA,NA,"6"
"DCPS","Brightwood EC",584,"ES/MS","22265461",0,"22269148","","Coolidge HS",0.472613458528951,38125.7893835616,285.454628205128,1,NA,NA,NA,"4"
"PCS","Community College Preparatory Academy PCS",155,"ADULT","1339656",NA,NA,NA,NA,0,4907.16483516484,121.786909090909,1,669828,2453.58241758242,60.8934545454545,"8"
"PCS","Achievement Preparatory PCS-Elementary",NA,"ES","3963509",NA,NA,NA,NA,0.49438202247191,14844.6029962547,170.093082138872,1,566215.571428571,2120.65757089353,24.2990117341246,"8"
"PCS","D C Preparatory Benning Middle Campus",NA,"MS","697944",NA,NA,NA,NA,0.440789473684211,4591.73684210526,26.0582437275986,1,348972,2295.86842105263,13.0291218637993,"7"
"DCPS","Burrville ES",400,"ES","2991980",0,"2996347","Kelly Miller MS","Woodson HS",0.677777777777778,7479.95,31.4971787097861,1,NA,NA,NA,"7"
"DCPS","Cleveland ES",320,"ES","20270264",0,"20270264","Cardozo EC (6-8)","Cardozo EC (9-12)",0.444805194805195,63344.575,382.457811320755,1,NA,NA,NA,"1"
"PCS","Lee Montessori PCS",162,"ES","227328",NA,NA,NA,NA,0.135135135135135,3072,17.2218181818182,1,227328,3072,17.2218181818182,"5"
"DCPS","Drew ES",362,"ES","4898637",0,"4938279","Kelly Miller MS","Woodson HS",0.825870646766169,13532.1464088398,67.2889697802198,1,NA,NA,NA,"7"
"DCPS","Eaton ES",415,"ES","81414",15552000,"15633414","Hardy MS","Eastern HS",0.626459143968872,196.178313253012,1.65826136548802,1,NA,NA,NA,"3"
"PCS","Democracy Prep PCS-Congress Heights",890,"ES","1904640",NA,NA,NA,NA,0.703225806451613,3072,44.7855530474041,1,1904640,3072,44.7855530474041,"8"
"DCPS","Garfield ES",365,"ES","1082203",12583908,"14338493","Johnson MS","Ballou HS",0.820422535211268,2964.9397260274,18.3723176694282,1,NA,NA,NA,"8"
"DCPS","Garrison ES",356,"ES","655646",2e+07,"2.40E+07","Cardozo EC (6-8)","Cardozo EC (9-12)",0.479508196721311,1841.70224719101,10.8911295681063,1,NA,NA,NA,"2"
"PCS","Harmony DC PCS-School of Excellence",220,"ES","202752",NA,NA,NA,NA,0.606060606060606,3072,10.1376,1,202752,3072,10.1376,"5"
"DCPS","Hardy MS",485,"MS","50758871",0,"50758871","","Wilson HS",0.248704663212435,104657.465979381,473.496930970149,1,NA,NA,NA,"2"
"PCS","District of Columbia International School",308,"MS","645120",NA,NA,NA,NA,0.20952380952381,3072,31.9097788989464,1,645120,3072,31.9097788989464,"1"
"DCPS","Hendley ES",520,"ES","15937127",0,"16150915","Hart MS","Ballou HS",0.900596421471173,30648.3211538462,217.72031420765,1,NA,NA,NA,"8"
"DCPS","Houston ES",398,"ES","1191032",15693000,"16943000","Kelly Miller MS","Woodson HS",0.74910394265233,2992.54271356784,19.8850006678242,1,NA,NA,NA,"7"
"DCPS","Janney ES",700,"ES","37443325",0,"37949758","Deal MS","Wilson HS",0.0115440115440115,53490.4642857143,389.697709272192,1,NA,NA,NA,"3"
"DCPS","Ketcham ES",325,"ES","8328691",0,"8336451","Kramer MS","Anacostia HS",0.857605177993528,25626.7415384615,94.3354816056542,1,NA,NA,NA,"8"
"DCPS","Hearst ES",330,"ES","35678706",361277,"43433519","Deal MS","Wilson HS",0.134020618556701,108117.290909091,572.609189683673,1,NA,NA,NA,"3"
"DCPS","Kimball ES",398,"ES","0",17696000,"17696000","Sousa MS","Anacostia HS",0.770114942528736,0,0,1,NA,NA,NA,"7"
"DCPS","Lafayette ES",516,"ES","9939007",59373105,"78650000","Deal MS","Wilson HS",0.0272596843615495,19261.6414728682,87.4912588028169,1,NA,NA,NA,"4"
"DCPS","Leckie ES",480,"ES","595860",0,"595860","Hart MS","Ballou HS",0.472803347280335,1241.375,9.16707692307692,1,NA,NA,NA,"8"
"DCPS","Key ES",364,"ES","13007488",0,"13007488","Hardy MS","Wilson HS",0.031331592689295,35734.8571428571,260.14976,1,NA,NA,NA,"3"
"DCPS","Mann ES",370,"ES","34565362",-5e+05,"37197238","Hardy MS","Wilson HS",0.0132450331125828,93419.8972972973,566.933392379734,1,NA,NA,NA,"3"
"DCPS","Maury ES",300,"ES","6444395",5044000,"12620745","Eliot-Hine MS","Eastern HS",0.131147540983607,21481.3166666667,137.700747863248,1,NA,NA,NA,"6"
"DCPS","Miner ES",550,"ES","6391359",0,"6391359","Eliot-Hine MS","Eastern HS",0.743718592964824,11620.6527272727,83.1169241573034,1,NA,NA,NA,"6"
"DCPS","Marie Reed ES",470,"ES","2970097",54503000,"64904196","Col Hts. Ed. Campus (6-8)","Cardozo EC (9-12)",0.363867684478371,6319.35531914894,18.2563987509835,1,NA,NA,NA,"1"
"DCPS","Moten ES",480,"ES","27716993",0,"27856881","Kramer MS","Anacostia HS",0.881012658227848,57743.7354166667,278.01509589151,1,NA,NA,NA,"8"
"DCPS","Murch ES",488,"ES","748083",63156000,"68294774","Deal MS","Wilson HS",0.0290322580645161,1532.95696721311,15.6843970144247,1,NA,NA,NA,"3"
"DCPS","Nalle ES",400,"ES","11521407",0,"11570572","Kelly Miller MS","Woodson HS",0.768229166666667,28803.5175,137.323087008343,1,NA,NA,NA,"7"
"DCPS","Orr ES",392,"ES",NA,41995000,"44995000","Kramer MS","Anacostia HS",0.768229166666667,NA,NA,1,NA,NA,NA,"8"
"DCPS","Patterson ES",382,"ES","5365870",0,"5365870","Hart MS","Ballou HS",0.85,14046.780104712,69.7808728672493,1,NA,NA,NA,"8"
"DCPS","Payne ES",348,"ES","22389213",27450,"27815086","Eliot-Hine MS","Eastern HS",0.595667870036101,64336.8189655172,267.199887817453,1,NA,NA,NA,"6"
"DCPS","Plummer ES",448,"ES","13846933",26191,"14299544","Sousa MS","Anacostia HS",0.827102803738318,30908.3325892857,199.546532741526,1,NA,NA,NA,"7"
"DCPS","Powell ES",304,"ES","25490976",2504026,"44744174","Col. Hts. EC (6-8)","Cardozo EC (6-12)",0.452914798206278,83851.8947368421,331.706433479076,1,NA,NA,NA,"4"
"DCPS","Raymond EC",615,"ES/MS","0",19567000,"19567000","","Roosevelt HS",0.530120481927711,0,0,1,NA,NA,NA,"4"
"DCPS","Ross ES",176,"ES","2604666",0,"2612974","Cardozo EC (6-8)","Cardozo EC (9-12)",0.0602409638554217,14799.2386363636,116.279732142857,1,NA,NA,NA,"2"
"DCPS","Savoy ES",430,"ES","21059646",0,"21059646","Kramer MS","Anacostia HS",0.816176470588235,48975.9209302326,242.622649769585,1,NA,NA,NA,"8"
"DCPS","Malcolm X ES at Green",248,"ES",NA,0,"52963","Johnson MS","Ballou HS",0.848360655737705,NA,NA,1,NA,NA,NA,"8"
"DCPS","Seaton ES",325,"ES","4298925",0,"4302057","Cardozo EC (6-8)","Cardozo EC (9-12)",0.501694915254237,13227.4615384615,66.1373076923077,1,NA,NA,NA,"2"
"DCPS","Shepherd ES",400,"ES","20462934",1274389,"31576280","Hardy MS","Wilson HS",0.185534591194969,51157.335,256.762372013652,1,NA,NA,NA,"4"
"DCPS","Simon ES",325,"ES","8505311",0,"8672620","Hart MS","Ballou HS",0.774744027303754,26170.1876923077,128.494546168721,1,NA,NA,NA,"8"
"DCPS","Randle Highlands ES",450,"ES","8391223",0,"8391223","Kramer MS","Anacostia HS",0.633333333333333,18647.1622222222,115.779333848446,1,NA,NA,NA,"7"
"DCPS","Stanton ES",586,"ES","23307939",2165644,"36035000","Kramer MS","Anacostia HS",0.868512110726644,39774.6399317406,245.346726315789,1,NA,NA,NA,"8"
"DCPS","Stoddert ES",320,"ES","18707417",0,"18707417","Hardy MS","Wilson HS",0.0430622009569378,58460.678125,286.923573619632,1,NA,NA,NA,"3"
"DCPS","Smothers ES",344,"ES","152322",12679000,"12831322","Kelly Miller MS","Woodson HS",0.738181818181818,442.796511627907,3.54237209302326,1,NA,NA,NA,"7"
"DCPS","Takoma EC",450,"ES/MS","26979598",0,"27036559","","Coolidge HS",0.427601809954751,59954.6622222222,226.734553583434,1,NA,NA,NA,"4"
"DCPS","Thomas ES",474,"ES","7563320",0,"7572071","Kelly Miller MS","Woodson HS",0.723039215686274,15956.3713080169,86.3392694063927,1,NA,NA,NA,"7"
"DCPS","Thomson ES",320,"ES","25521091",0,"25521091","Jefferson Acad. MS","Eastern HS",0.455882352941176,79753.409375,340.317513868146,1,NA,NA,NA,"2"
"DCPS","Truesdell EC",542,"ES/MS","4465045",7489000,"11954045","","Roosevelt HS",0.551330798479088,8238.09040590406,64.1529454022989,1,NA,NA,NA,"4"
"DCPS","Tubman ES",500,"ES","3644743",0,"3644743","Col. Hts. EC (6-8)","Cardozo EC (9-12)",0.606425702811245,7289.486,54.7324453387794,1,NA,NA,NA,"1"
"DCPS","Turner ES",530,"ES","27580545",0,"27695424","Johnson MS","Ballou HS",0.849489795918367,52038.7641509434,272.823489262362,1,NA,NA,NA,"8"
"DCPS","Tyler ES",564,"ES","3750929",0,"3750929","Jefferson Acad. MS","Eastern HS",0.457854406130268,6650.58333333333,53.892658045977,1,NA,NA,NA,"6"
"DCPS","Wheatley EC",500,"ES/MS","42645563",0,"42645768","","Dunbar HS",0.786177105831533,85291.126,493.765781307892,1,NA,NA,NA,"5"
"DCPS","West EC",278,"ES/MS","0",35095000,"35095000","","Roosevelt HS",0.419475655430712,0,0,1,NA,NA,NA,"4"
"DCPS","Whittier EC",520,"ES/MS","5208611",0,"5241031","","Coolidge HS",0.611428571428571,10016.5596153846,73.265782366511,1,NA,NA,NA,"4"
"PCS","Friendship PCS Woodridge Elementary",600,"ES","18909379",NA,NA,NA,NA,0.447183098591549,66582.3204225352,511.064297297297,1,1575781.58333333,5548.52670187793,42.5886914414414,"5"
"PCS","Friendship PCS Woodridge Middle",NA,"MS","516096",NA,NA,NA,NA,0.446428571428571,3072,NA,1,516096,3072,NA,"5"
"DCPS","Benjamin Banneker HS",620,"HS","671104",77074000,"78745104","","",0.251670378619154,1082.42580645161,3.72835555555556,1,NA,NA,NA,"1"
"DCPS","Browne EC",804,"ES/MS","131951",20636000,"23793129","","Eastern HS",0.68271954674221,164.11815920398,0.612608639132373,1,NA,NA,NA,"5"
"DCPS","Deal MS",1370,"MS","73524856",0,"74154641","","Wilson HS",0.0754573170731707,53667.7781021898,328.692318352713,1,NA,NA,NA,"3"
"DCPS","Hart MS",912,"MS","13075759",0,"13214760",NA,"Ballou HS",0.820459290187891,14337.4550438596,62.0586568580921,1,NA,NA,NA,"8"
"DCPS","Kramer MS",600,"MS","30951777",0,"35059047",NA,"Anacostia HS",0.801801801801802,51586.295,201.006448721945,1,NA,NA,NA,"8"
"DCPS","Kelly Miller MS",600,"MS","10614880",0,"10614880","","HD Woodson HS",0.6996336996337,17691.4666666667,92.3097258939752,1,NA,NA,NA,"7"
"DCPS","Sousa MS",636,"MS","0",0,NA,NA,"Anacostia HS",0.735915492957746,0,0,1,NA,NA,NA,"7"
"DCPS","Columbia Heights EC (CHEC)",1400,"MS/HS","78652173",0,"78652173","","Cardozo HS (9-12)",0.53757225433526,56180.1235714286,241.844464328543,1,NA,NA,NA,"1"
"DCPS","Anacostia HS",837,"HS","68228069",0,"68860993","","",0.886535552193646,81515.0167264038,332.83283737902,1,NA,NA,NA,"8"
"DCPS","Cardozo EC",1070,"MS/HS","131527974",0,"132124454","","",0.733674775928297,122923.340186916,330.971248112733,1,NA,NA,NA,"1"
"DCPS","Coolidge HS",1105,"HS","2537691",116633000,"122176717","","",0.762025316455696,2296.55294117647,9.35381865093992,1,NA,NA,NA,"4"
"DCPS","Eastern HS",1100,"HS","74502874",0,"74503071","","",0.696585365853658,67729.8854545455,239.774183270522,1,NA,NA,NA,"6"
"DCPS","Wilson HS",1700,"HS","114246156",0,"114320882","","",0.307606263982103,67203.6211764706,303.484560948657,1,NA,NA,NA,"3"
"DCPS","School Without Walls HS",520,"HS","0",0,NA,"","",0.154237288135593,0,0,1,NA,NA,NA,"2"
"DCPS","Dunbar HS",1100,"HS","122897293",-250000,"125144890","","",0.739663093415008,111724.811818182,472.681896153846,1,NA,NA,NA,"5"
"DCPS","Ellington School of the Arts",500,"HS","34081441",61688778,"180437856","","",0.334608030592734,68162.882,132.061754084132,1,NA,NA,NA,"2"
"DCPS","CHOICE Academy at Emery",NA,"ALT",NA,NA,NA,NA,NA,0,NA,NA,NA,NA,NA,NA,"5"
"PCS","St. Coletta Special Education PCS",525,"SPED","6315254",NA,NA,NA,NA,0.44047619047619,25060.5317460317,63.444384167169,1,701694.888888889,2784.50352733686,7.04937601857433,"6"
"PCS","Achievement Preparatory PCS-Middle School",519,"MS","2316432",NA,NA,NA,NA,0.503937007874016,6079.87401574803,69.8204177592911,1,1158216,3039.93700787402,34.9102088796455,"8"
"PCS","Center City Brightwood Campus PCS",567,"ES/MS","4766091",NA,NA,NA,NA,0.32258064516129,19218.1088709677,128.778465279654,1,680870.142857143,2745.44412442396,18.3969236113792,"4"
"PCS","Center City Capitol Hill Campus PCS",534,"ES/MS","4699097",NA,NA,NA,NA,0.468619246861925,19661.4937238494,117.368858805605,1,671299.571428571,2808.78481769277,16.7669798293721,"6"
"PCS","Center City Congress Heights Campus PCS",341,"ES/MS","4770011",NA,NA,NA,NA,0.669260700389105,18560.3540856031,176.667074074074,1,681430.142857143,2651.47915508616,25.2381534391534,"8"
"PCS","Center City Petworth Campus PCS",425,"ES/MS","4949770",NA,NA,NA,NA,0.370229007633588,18892.2519083969,160.576480129765,1,707110,2698.89312977099,22.939497161395,"4"
"PCS","Center City Shaw Campus PCS",350,"ES/MS","4824166",NA,NA,NA,NA,0.468879668049793,20017.2863070539,164.985157318741,1,689166.571428571,2859.61232957913,23.5693081883916,"2"
"PCS","Center City Trinidad Campus PCS",434,"ES/MS","4651663",NA,NA,NA,NA,0.559322033898305,19710.436440678,199.530862608845,1,664523.285714286,2815.77663438257,28.5044089441207,"5"
"PCS","D C  Preparatory Benning Campus PCS",849,"ES","6611687",NA,NA,NA,NA,0.52262443438914,14958.5678733032,82.2840377339705,1,944526.714285714,2136.93826761474,11.7548625334244,"7"
"PCS","Excel Academy PCS",1292,"ES","8332774",NA,NA,NA,NA,0.64323374340949,14644.5940246046,123.433874503763,1,1190396.28571429,2092.0848606578,17.6334106433946,"8"
"PCS","Washington Yu Ying PCS",610,"ES","7254586",NA,NA,NA,NA,0.0416666666666667,13739.7462121212,176.433338197383,1,1036369.42857143,1962.82088744589,25.2047625996262,"5"
"PCS","Washington Latin PCS HS",835,"HS","4643648",NA,NA,NA,NA,0.230263157894737,15275.1578947368,158.594535519126,1,663378.285714286,2182.16541353383,22.656362217018,"4"
"PCS","KIPP DC College Prep PCS",500,"HS","5814288",NA,NA,NA,NA,0.511013215859031,12806.8017621145,31.0222758146012,1,969048,2134.46696035242,5.17037930243353,"5"
"PCS","Friendship PCS Tech Prep",1048,"MS/HS","6129328",NA,NA,NA,NA,0.707414829659319,12283.2224448898,92.380111230011,1,1021554.66666667,2047.20374081496,15.3966852050018,"8"
"PCS","Eagle Academy PCS New Jersey Avenue Campus",190,"ES","2333312",NA,NA,NA,NA,0.541095890410959,15981.5890410959,274.507294117647,1,388885.333333333,2663.59817351598,45.7512156862745,"6"
"PCS","AppleTree Early Learning Center PCS Oklahoma",218,"PK3-K","2327592",NA,NA,NA,NA,0.496894409937888,14457.0931677019,146.703138787344,1,465518.4,2891.41863354037,29.3406277574688,"7"
"PCS","E.L. Haynes Kansas Avenue - High School",861,"HS","5596776",NA,NA,NA,NA,0.516587677725118,13262.5023696682,317.151697172324,1,1119355.2,2652.50047393365,63.4303394344648,"4"
"PCS","E.L. Haynes PCS Kansas Avenue (Elementary School)",NA,"ES","2661384",NA,NA,NA,NA,0.35195530726257,7434.03351955307,49.4681040892193,1,887128,2478.01117318436,16.4893680297398,"4"
"PCS","Capital City High School PCS",NA,"HS","5546488",NA,NA,NA,NA,0.449848024316109,16858.6261398176,97.2505040941209,1,924414.666666667,2809.77102330294,16.2084173490202,"4"
"PCS","Excel Academy PCS LEAD",NA,"MS","476160",NA,NA,NA,NA,0.645161290322581,3072,24.6868519286603,1,476160,3072,24.6868519286603,"8"
"PCS","Inspired Teaching Demonstration PCS",620,"ES/MS","2824824",NA,NA,NA,NA,0.110410094637224,8911.1167192429,69.2358823529412,1,706206,2227.77917981073,17.3089705882353,"5"
"PCS","Mundo Verde Bilingual PCS",897,"ES","3140088",NA,NA,NA,NA,0.141089108910891,7772.49504950495,86.867544539117,1,785022,1943.12376237624,21.7168861347792,"5"
"PCS","Shining Stars Montessori PCS",NA,"PK3-K","947496",NA,NA,NA,NA,0.169491525423729,8029.62711864407,69.7714285714286,1,236874,2007.40677966102,17.4428571428571,"4"
"PCS","Richard Wright PCS for Journalism and Media Arts",398,"MS/HS","2883960",NA,NA,NA,NA,0.737704918032787,9455.60655737705,102.998571428571,1,720990,2363.90163934426,25.7496428571429,"6"
"PCS","Basis DC PCS",1062,"MS/HS","4551672",NA,NA,NA,NA,0.0871143375680581,8260.74773139746,103.027954458,1,1517224,2753.58257713249,34.3426514860001,"6"
"PCS","Creative Minds International PCS",203,"ES","1282032",NA,NA,NA,NA,0.121546961325967,7083.04972375691,71.3190921228304,1,427344,2361.01657458564,23.7730307076101,"1"
"PCS","DC Scholars PCS",443,"ES","2641008",NA,NA,NA,NA,0.647814910025707,6789.2236503856,85.1938064516129,1,880336,2263.07455012853,28.397935483871,"7"
"PCS","AppleTree Early Learning Center PCS Lincoln Park",73,"PK3-K","1182840",NA,NA,NA,NA,0.0833333333333333,19714,131.792757660167,1,147855,2464.25,16.4740947075209,"6"
"DCPS","Amidon-Bowen ES",400,"ES","5993305",0,"5993305","Jefferson Acad. MS","Eastern HS",0.736231884057971,14983.2625,84.6512005649717,1,NA,NA,NA,"2"
"DCPS","Bunker Hill ES",480,"ES","6533765",0,"6544178","Brookland MS","Dunbar HS",0.48,13612.0104166667,94.1573236107909,1,NA,NA,NA,"5"
"DCPS","Bruce-Monroe ES @ Park View",609,"ES","11264300",0,"17026865","CHEC (6-8)","Cardozo EC (9-12)",0.505376344086022,18496.3875205255,137.048617870352,1,NA,NA,NA,"1"
"DCPS","Burroughs ES",450,"ES","8239048",0,"8866114","Brookland MS","Dunbar HS",0.525252525252525,18308.9955555556,118.214072543618,1,NA,NA,NA,"5"
"DCPS","C.W. Harris ES",438,"ES","0",12606000,"12606000","Kelly Miller MS","Woodson HS",0.786941580756014,0,0,1,NA,NA,NA,"7"
"DCPS","Capitol Hill Montessori",360,"ES/MS","975866",11987136,"14637256",NA,"Eastern HS",0.0806451612903226,2710.73888888889,20.6751271186441,1,NA,NA,NA,"6"
"DCPS","Eliot-Hine MS",742,"MS","210957",40911043,"42653975","","Eastern HS",0.626459143968872,284.308625336927,1.36038098431696,1,NA,NA,NA,"6"
"DCPS","H.D. Cooke ES",440,"ES","32500688",0,"32500688","CHEC (6-8)","Cardozo EC (9-12)",0.5375,73865.2,379.255601194922,1,NA,NA,NA,"1"
"DCPS","Hyde-Addison ES",330,"ES","19157333",22284976,"43519223","Hardy MS","Wilson HS",0.0786885245901639,58052.5242424242,510.807727175768,1,NA,NA,NA,"2"
"DCPS","J.O. Wilson ES",480,"ES","4264356",0,"4264356","Stuart-Hobson MS","Eastern HS",0.497854077253219,8884.075,43.1196003882867,1,NA,NA,NA,"6"
"DCPS","Jefferson MS",570,"MS","0",35993000,"35993000","","Eastern HS",0.646209386281588,0,0,1,NA,NA,NA,"6"
"DCPS","Johnson MS",730,"MS","18602234",-5857,"20521528",NA,"Ballou HS",0.786941580756014,25482.5123287671,101.932283447308,1,NA,NA,NA,"8"
"DCPS","King, M.L. ES",444,"ES","4118755",372458,"6567738","Hart MS","Ballou HS",0.879032258064516,9276.47522522523,62.8855960669354,1,NA,NA,NA,"8"
"DCPS","Langdon ES",500,"ES","19828246",0,"20824380","McKinley MS","Dunbar HS",0.561764705882353,39656.492,195.560261164589,1,NA,NA,NA,"5"
"DCPS","Langley ES",530,"ES","10253618",0,"10273670","McKinley MS","Dunbar HS",0.622895622895623,19346.4490566038,102.53618,1,NA,NA,NA,"5"
"DCPS","LaSalle-Backus EC",400,"ES/MS","14206295",0,"14545500","","Coolidge HS",0.524355300859599,35515.7375,225.496746031746,1,NA,NA,NA,"4"
"DCPS","Ludlow-Taylor ES",362,"ES","11489803",-1026290,"11762825","Stuart-Hobson MS","Eastern HS",0.320588235294118,31739.7872928177,171.756203659412,1,NA,NA,NA,"6"
"DCPS","Luke Moore HS",350,"ALT","0",0,NA,"","",0,0,0,1,NA,NA,NA,"5"
"DCPS","Mamiedlee",120,"SPED","757876.134600158",0,"757876.134600158",NA,NA,0.517857142857143,6315.63445500132,16.5475138558986,1,NA,NA,NA,"4"
"DCPS","Noyes ES",391,"ES","24719301",0,"24719301","Brookland MS","Dunbar HS",0.629757785467128,63220.7186700767,480.023710579462,1,NA,NA,NA,"5"
"DCPS","Oyster-Adams Bilingual School",324,"MS","3803375",12236000,"16039375",NA,"Wilson HS",NA,11738.8117283951,64.0298821548822,1,NA,NA,NA,"1"
"DCPS","Peabody ES",228,"PK3-K","7028816",0,"7099258","Stuart-Hobson MS","Eastern HS",0.0704845814977974,30828.1403508772,185.947513227513,1,NA,NA,NA,"6"
"DCPS","Phelps ACE HS",512,"HS","0",0,NA,"","",0.513931888544892,0,0,1,NA,NA,NA,"5"
"DCPS","School-Within-School at Goding",450,"ES","1365487",12028931,"16383000",NA,"",0.555555555555556,3034.41555555556,23.0656587837838,1,NA,NA,NA,"6"
"DCPS","School Without Walls @ Francis-Stevens EC",437,"ES/MS","1314689",20178000,"22278000","","Cardozo EC (9-12)",0.263285024154589,3008.44164759725,13.8260243143194,1,NA,NA,NA,"2"
"DCPS","Stuart-Hobson MS",450,"MS","44653267",1190116,"47666762","","Eastern HS",0.33806146572104,99229.4822222222,387.473898405095,1,NA,NA,NA,"6"
"DCPS","Walker-Jones EC",700,"ES/MS","40442253",0,"40442253","","Dunbar HS",0.748387096774194,57774.6471428571,425.707926315789,1,NA,NA,NA,"6"
"DCPS","Washington Metropolitan HS",350,"ALT","0",9900000,"9900000","","",0,0,0,1,NA,NA,NA,"1"
"DCPS","Watkins ES",587,"ES","2675972",30313978,"39400200","Stuart-Hobson MS","Eastern HS",0.196,4558.72572402044,38.6165435234357,1,NA,NA,NA,"6"
"DCPS","Woodson, H.D. HS",1000,"HS","107742134",0,"107779131","","",0.784037558685446,107742.134,425.175939006969,1,NA,NA,NA,"7"
"DCPS","Brookland MS",540,"MS","58053351",-1202174,"62711400",NA,"Dunbar HS",NA,107506.205555556,527.757736363636,1,NA,NA,NA,"5"
"DCPS","Oyster-Adams Bilingual School",350,"ES","0",0,NA,NA,"Wilson HS",NA,0,0,1,NA,NA,NA,"3"
"DCPS","River Terrace Special Education Center",180,"SPED","32133707",-2200000,"35717175",NA,NA,NA,178520.594444444,413.52396823967,1,NA,NA,NA,"7"
"DCPS","Van Ness ES",336,"ES","10556642",17995000,"32448396","Jefferson Acad. MS","Eastern HS",NA,31418.5773809524,213.697206477733,1,NA,NA,NA,"6"
"DCPS","Youth Services Center",NA,NA,NA,NA,NA,NA,NA,0,NA,NA,NA,NA,NA,NA,NA
"DCPS","Incarcerated Youth Program",NA,NA,NA,NA,NA,NA,NA,0,NA,NA,NA,NA,NA,NA,NA
"DCPS","bowen",NA,NA,"0",0,"0",NA,NA,NA,NA,0,0,NA,NA,NA,NA
"DCPS","brucemonroe-demolished",NA,NA,"1499358",0," 	1,499,358 ",NA,NA,NA,NA,13.5443360433604,0,NA,NA,NA,NA
"DCPS","DCPS MultiSchool",NA,NA,"1392424292",242169537,"1669108197",NA,NA,NA,NA,116.035357666667,1,NA,NA,NA,NA
"DCPS","Dorothy Height ES",NA,NA,NA,NA,NA,NA,NA,NA,NA,NA,NA,NA,NA,NA,NA
"DCPS","ferebeehope",NA,NA,"4532419",0,"4532419",NA,NA,NA,NA,23.3870949432405,0,NA,NA,NA,NA
"DCPS","garnettpatterson",NA,NA,"5560714",0,"5560714",NA,NA,NA,NA,67.2395888754534,0,NA,NA,NA,NA
"DCPS","macfarland",NA,NA,"874564",50026000,"53650564",NA,NA,NA,NA,79.5058181818182,0,NA,NA,NA,NA
"DCPS","Malcolmx",NA,NA,NA,0,"0",NA,NA,NA,NA,NA,0,NA,NA,NA,NA
"DCPS","marshall",NA,NA,"0",0,"0",NA,NA,NA,NA,0,0,NA,NA,NA,NA
"DCPS","mcterrell",NA,NA,"1706121",0,"1706121",NA,NA,NA,NA,15.2332232142857,0,NA,NA,NA,NA
"DCPS","mmwashingtion",NA,NA,"18696",0,"18696",NA,NA,NA,NA,0.208428093645485,0,NA,NA,NA,NA
"DCPS","montgomery/kipp",NA,NA,"6934511",0,"6934511",NA,NA,NA,NA,94.0910583446404,0,NA,NA,NA,NA
"DCPS","prharris",NA,NA,"700",0,"700",NA,NA,NA,NA,0.00200745626613135,0,NA,NA,NA,NA
"DCPS","rhterrell",NA,NA,"1446215",0,"1446215",NA,NA,NA,NA,10.0641266527488,0,NA,NA,NA,NA
"DCPS","ronbrown",NA,NA,"0",44597000,"47347000",NA,NA,NA,NA,0,0,NA,NA,NA,NA
"DCPS","rudolph",NA,NA,"1e+05",0,"1.00E+05",NA,NA,NA,NA,1.18483412322275,0,NA,NA,NA,NA
"DCPS","shaw",NA,NA,"10000",0,"10000",NA,NA,NA,NA,0.0434027777777778,0,NA,NA,NA,NA
"DCPS","wilkinson",NA,NA,"5e+05",0,"5.00E+05",NA,NA,NA,NA,3.45065562456867,0,NA,NA,NA,NA
"PCS","Maya Angelou Evans Campus PCS",646,"ALT","6961429",NA,NA,NA,NA,0,27624.7182539683,88.5396375198728,1,632857.181818182,2511.33802308802,8.04905795635207,"7"
"PCS","Latin American Youth Center Career Academy",225,"ALT","1168680",NA,NA,NA,NA,0,6150.94736842105,75.3987096774194,1,389560,2050.31578947368,25.1329032258065,"1"
"PCS","KIPP DC AIM PCS Academy PCS",1900,"MS","8354731",NA,NA,NA,NA,0.588785046728972,26027.199376947,58.0189652777778,1,835473.1,2602.7199376947,5.80189652777778,"8"
"PCS","KIPP DC WILL Academy PCS",NA,"MS","7645919",NA,NA,NA,NA,0.401162790697674,22226.5087209302,NA,1,849546.555555556,2469.61208010336,NA,"2"
"PCS","KIPP DC LEAP Academy PCS",NA,"PK3-K","6204843",NA,NA,NA,NA,0.582236842105263,20410.6677631579,NA,1,775605.375,2551.33347039474,NA,"7"
"PCS","Maya Angelou Young Adult Learning Center",NA,"ADULT","1144584",NA,NA,NA,NA,0.00680272108843537,7786.28571428571,24.2625119236884,1,381528,2595.42857142857,8.0875039745628,"7"
"PCS","Perry Street Prep PCS",1250,"PK3-12","28592629",NA,NA,NA,NA,0.554119547657512,46191.6462035541,167.208356725146,1,1787039.3125,2886.97788772213,10.4505222953216,"5"
"PCS","The Next Step PCS",375,"ALT","3142236",NA,NA,NA,NA,0,8656.29752066116,100.224419494769,1,448890.857142857,1236.61393152302,14.3177742135384,"1"
"PCS","Paul Public Charter School - Middle School",780,"MS","21115814",NA,NA,NA,NA,0.425531914893617,56159.079787234,307.967826150368,1,1407720.93333333,3743.93865248227,20.5311884100246,"4"
"PCS","KIPP DC KEY Academy PCS",1608,"MS","11203877",NA,NA,NA,NA,0.482035928143713,33544.5419161677,132.306857500502,1,933656.416666667,2795.37849301397,11.0255714583752,"7"
"PCS","KIPP DC LEAD Academy",NA,"ES","1893744",NA,NA,NA,NA,0.420529801324503,6270.67549668874,NA,1,631248,2090.22516556291,NA,"2"
"PCS","Ingenuity Prep PCS",200,"ES","941472",NA,NA,NA,NA,0.736318407960199,4683.94029850746,30.2967658889783,1,470736,2341.97014925373,15.1483829444891,"8"
"PCS","KIPP DC Connect Academy",1206,"PK3-K","1533672",NA,NA,NA,NA,0.528239202657807,5095.25581395349,22.8906268656716,1,766836,2547.62790697674,11.4453134328358,"5"
"PCS","KIPP DC Spring Academy",NA,"ES","616344",NA,NA,NA,NA,0.588235294117647,6042.58823529412,NA,1,308172,3021.29411764706,NA,"5"
"PCS","Paul Public Charter School - International High School",NA,"HS","1757400",NA,NA,NA,NA,0.489230769230769,5407.38461538462,29.5744072160611,1,878700,2703.69230769231,14.7872036080306,"4"
"PCS","KIPP DC Arts & Technology Academy PCS",764,"PK3-K","651264",NA,NA,NA,NA,0.608490566037736,3072,24.1656400742115,1,651264,3072,24.1656400742115,"7"
"PCS","KIPP DC Quest Academy PCS",NA,"ES","866304",NA,NA,NA,NA,0.624113475177305,3072,21.4299072356215,1,866304,3072,21.4299072356215,"7"
"PCS","KIPP DC Northeast Academy PCS",NA,"MS","387072",NA,NA,NA,NA,0.555555555555556,3072,NA,1,387072,3072,NA,"5"
"PCS","Friendship PCS Blow Pierce Elementary",925,"ES","20538240",NA,NA,NA,NA,0.762532981530343,54190.6068601583,387.92384406165,1,1711520,4515.88390501319,32.3269870051375,"7"
"PCS","Friendship PCS Blow-Pierce Middle",NA,"MS","654336",NA,NA,NA,NA,0.690140845070423,3072,NA,1,654336,3072,NA,"7"
"PCS","Friendship PCS Chamberlain Elementary",1046,"ES","23717234",NA,NA,NA,NA,0.626666666666667,63245.9573333333,293.312317585951,1,1976436.16666667,5270.49644444444,24.4426931321626,"6"
"PCS","Friendship PCS Chamberlain Middle",NA,"MS","1053696",NA,NA,NA,NA,0.583090379008746,3072,NA,1,1053696,3072,NA,"6"
"DCPS","Ballou HS",1520,"HS","141737725",4007,"162976011",".","",0.852980132450331,93248.5032894737,398.139676966292,1,NA,NA,NA,"8"
"DCPS","McKinley Technology HS",1160,"HS","77382544",0,"77443210","","",0.370542635658915,66709.0896551724,274.211708008505,1,NA,NA,NA,"5"
"DCPS","Ballou STAY",NA,"HS",NA,0,"0",NA,NA,0,NA,NA,1,NA,NA,NA,"8"
"PCS","National Collegiate Prep PCS",400,"HS","4199632",NA,NA,NA,NA,0.696078431372549,13724.2875816993,83.99264,1,699938.666666667,2287.38126361656,13.9987733333333,"8"
"PCS","KIPP DC Promise PCS",NA,"ES","5553600",NA,NA,NA,NA,0.5475,13884,NA,1,925600,2314,NA,"7"
"PCS","KIPP DC Discover PCS",NA,"PK3-K","4626760",NA,NA,NA,NA,0.615151515151515,14020.4848484848,NA,1,771126.666666667,2336.74747474747,NA,"8"
"PCS","KIPP DC GROW Academy PCS",1195,"PK3-K","3706464",NA,NA,NA,NA,0.448717948717949,11879.6923076923,36.8175939446315,1,741292.8,2375.93846153846,7.3635187889263,"2"
"PCS","KIPP DC Heights Academy PCS",NA,"ES","3161880",NA,NA,NA,NA,0.551807228915663,7618.98795180723,NA,1,790470,1904.74698795181,NA,"8"
"DCPS","McKinley MS",1160,"",NA,NA,NA,"","Dunbar HS",0.589108910891089,NA,NA,1,NA,NA,NA,"5"
"DCPS","Roosevelt HS",1030,"HS","117015598",1887406,"143557836","","",0.827731092436975,113607.376699029,352.62656099325,1,NA,NA,NA,"4"
"DCPS","Roosevelt STAY",NA,"HS",NA,1887406,"","","",NA,NA,NA,1,NA,NA,NA,"4"
"DCPS","Sharpe Health",120,"SPED","1332074.86539984",0,"2089951",NA,"",0.516666666666667,11100.623878332,16.5475138558986,1,NA,NA,NA,"4"
"PCS","Academy of Hope Adult PCS",186,"ADULT","786432",NA,NA,NA,NA,0,3072,36.7921403508772,1,786432,3072,36.7921403508772,"8"
"PCS","AppleTree Early Learning PCS Southeast",230,"PK3-K","1560816",NA,NA,NA,NA,0.724719101123595,8768.62921348315,90.9513431618204,1,390204,2192.15730337079,22.7378357904551,"8"
"PCS","Bridges PCS",534,"ES","3405436",NA,NA,NA,NA,0.341911764705882,12519.9852941176,164.704778487135,1,340543.6,1251.99852941176,16.4704778487135,"4"
"PCS","Roots PCS",230,"ES","3896368",NA,NA,NA,NA,0.410526315789474,41014.4,375.589743589744,1,243523,2563.4,23.474358974359,"4"
"PCS","Early Childhood Academy PCS",233,"ES","4742251",NA,NA,NA,NA,0.644787644787645,18309.8494208494,306.782960279467,1,592781.375,2288.73117760618,38.3478700349334,"8"
"PCS","Latin American Montessori Bilingual (LAMB) PCS",566,"ES","6050898",NA,NA,NA,NA,0.116959064327485,17692.6842105263,165.018490236719,1,504241.5,1474.39035087719,13.7515408530599,"4"
"PCS","Briya Public Charter School",663,"ADULT","8206459",NA,NA,NA,NA,0.040650406504065,16679.7947154472,304.619858945806,1,911828.777777778,1853.31052393857,33.8466509939784,"1"
"PCS","Two Rivers PCS",686,"ES/MS","8446894",NA,NA,NA,NA,0.243243243243243,16306.7451737452,165.60913635918,1,1055861.75,2038.34314671815,20.7011420448976,"6"
"PCS","D C  Bilingual PCS",809,"ES","9258495",NA,NA,NA,NA,0.357142857142857,25435.4258241758,123.4466,1,841681.363636364,2312.31143856144,11.2224181818182,"1"
"PCS","Carlos Rosario International PCS Harvard Street Campus",1614,"ADULT","57276227",NA,NA,NA,NA,0,29030.0187531678,433.910810606061,1,3369189.82352941,1707.64816195104,25.5241653297683,"5"
"PCS","Academia Bilingue",NA,NA,"$1,013,952",NA,NA,NA,NA,NA,NA,NA,0,NA,NA,NA,NA
"PCS","ALTA Associates for Learning Through the Arts",NA,NA,"$1,226,332",NA,NA,NA,NA,NA,NA,NA,0,NA,NA,NA,NA
"PCS","Apple Tree (combined)",NA,NA,"$201,060",NA,NA,NA,NA,NA,NA,NA,0,NA,NA,NA,NA
"PCS","AppleTree Amidon",NA,NA,"$699,648",NA,NA,NA,NA,NA,NA,NA,0,NA,NA,NA,NA
"PCS","ARE Academy for Renewal in Education",NA,NA,"$156,702",NA,NA,NA,NA,NA,NA,NA,0,NA,NA,NA,NA
"PCS","Arts and Technology Academy",NA,NA,"$21,620,200",NA,NA,NA,NA,NA,NA,NA,0,NA,NA,NA,NA
"PCS","Barbara Jordan",NA,NA,"$2,169,195",NA,NA,NA,NA,NA,NA,NA,0,NA,NA,NA,NA
"PCS","Booker T. Washington (combined)",NA,NA,"$2,897,340",NA,NA,NA,NA,NA,NA,NA,0,NA,NA,NA,NA
"PCS","Booker T. Washington Evening",NA,NA,"$1,285,546",NA,NA,NA,NA,NA,NA,NA,0,NA,NA,NA,NA
"PCS","Booker T. Washington for Technical Arts",NA,NA,"$6,275,910",NA,NA,NA,NA,NA,NA,NA,0,NA,NA,NA,NA
"PCS","Booker T. Washington Virtual",NA,NA,"$1,049,400",NA,NA,NA,NA,NA,NA,NA,0,NA,NA,NA,NA
"PCS","Capital City (combined)",NA,NA,"$3,738,383",NA,NA,NA,NA,NA,NA,NA,0,NA,NA,NA,NA
"PCS","Center City Brentwood",NA,NA,"$301,573",NA,NA,NA,NA,NA,NA,NA,0,NA,NA,NA,NA
"PCS","Cesar Chavez (combined)",NA,NA,"$2,676,917",NA,NA,NA,NA,NA,NA,NA,0,NA,NA,NA,NA
"PCS","Children's Studio School",NA,NA,"$2,230,312",NA,NA,NA,NA,NA,NA,NA,0,NA,NA,NA,NA
"PCS","City Collegiate",NA,NA,"$920,095",NA,NA,NA,NA,NA,NA,NA,0,NA,NA,NA,NA
"PCS","City Lights",NA,NA,"$618,836",NA,NA,NA,NA,NA,NA,NA,0,NA,NA,NA,NA
"PCS","Community Academy (combined)",NA,NA,"$6,327,356",NA,NA,NA,NA,NA,NA,NA,0,NA,NA,NA,NA
"PCS","DC Prep (combined)",NA,NA,"$1,813,365",NA,NA,NA,NA,NA,NA,NA,0,NA,NA,NA,NA
"PCS","E.L. Haynes (Combined)",NA,NA,"$3,449,520",NA,NA,NA,NA,NA,NA,NA,0,NA,NA,NA,NA
"PCS","Eagle Academy (combined)",NA,NA,"$3,557,810",NA,NA,NA,NA,NA,NA,NA,0,NA,NA,NA,NA
"PCS","Early Childhood Academy Johenning",NA,NA,"$405,000",NA,NA,NA,NA,NA,NA,NA,0,NA,NA,NA,NA
"PCS","Early Childhood Academy Walter Washington",NA,NA,"$339,000",NA,NA,NA,NA,NA,NA,NA,0,NA,NA,NA,NA
"PCS","Friendship PCS (combined)",NA,NA,"$16,318,413",NA,NA,NA,NA,NA,NA,NA,0,NA,NA,NA,NA
"PCS","Hope Community (combined)",NA,NA,"$1,137,325",NA,NA,NA,NA,NA,NA,NA,0,NA,NA,NA,NA
"PCS","Howard Road (combined)",NA,NA,"$8,837,308",NA,NA,NA,NA,NA,NA,NA,0,NA,NA,NA,NA
"PCS","Howard Road Academy",NA,NA,"$7,963,270",NA,NA,NA,NA,NA,NA,NA,0,NA,NA,NA,NA
"PCS","Howard Road Academy G St.",NA,NA,"$398,722",NA,NA,NA,NA,NA,NA,NA,0,NA,NA,NA,NA
"PCS","Howard Road Academy Penn. Ave.",NA,NA,"$2,310,330",NA,NA,NA,NA,NA,NA,NA,0,NA,NA,NA,NA
"PCS","Howard Road Adademy MLK Ave.  Middle",NA,NA,"$1,468,600",NA,NA,NA,NA,NA,NA,NA,0,NA,NA,NA,NA
"PCS","Ideal Academy Peabody St.",NA,NA,"$1,512,212",NA,NA,NA,NA,NA,NA,NA,0,NA,NA,NA,NA
"PCS","Imagine Southeast",NA,NA,"$7,943,598",NA,NA,NA,NA,NA,NA,NA,0,NA,NA,NA,NA
"PCS","Jo-Arz Academy",NA,NA,"$393,584",NA,NA,NA,NA,NA,NA,NA,0,NA,NA,NA,NA
"PCS","KAMIT Institute",NA,NA,"$3,537,694",NA,NA,NA,NA,NA,NA,NA,0,NA,NA,NA,NA
"PCS","KIPP (combined)",NA,NA,"$593,162",NA,NA,NA,NA,NA,NA,NA,0,NA,NA,NA,NA
"PCS","LAMB  Taylor St.",NA,NA,"$237,000",NA,NA,NA,NA,NA,NA,NA,0,NA,NA,NA,NA
"PCS","LAYC Career Academy Alt. School",NA,NA,"$84,000",NA,NA,NA,NA,NA,NA,NA,0,NA,NA,NA,NA
"PCS","Mary McLeod Bethune 42nd St.",NA,NA,"$691,425",NA,NA,NA,NA,NA,NA,NA,0,NA,NA,NA,NA
"PCS","Mary McLeod Bethune Crestwood Campus",NA,NA,"$843,148",NA,NA,NA,NA,NA,NA,NA,0,NA,NA,NA,NA
"PCS","Maya Angelou (combined)",NA,NA,"$486,518",NA,NA,NA,NA,NA,NA,NA,0,NA,NA,NA,NA
"PCS","Maya Angelou Middle",NA,NA,"$3,770,121",NA,NA,NA,NA,NA,NA,NA,0,NA,NA,NA,NA
"PCS","Maya Angelou Shaw Campus",NA,NA,"$2,571,219",NA,NA,NA,NA,NA,NA,NA,0,NA,NA,NA,NA
"PCS","MEI Futures",NA,NA,"$357,535",NA,NA,NA,NA,NA,NA,NA,0,NA,NA,NA,NA
"PCS","New School",NA,NA,"$4,109,909",NA,NA,NA,NA,NA,NA,NA,0,NA,NA,NA,NA
"PCS","New Vistas Prep",NA,NA,"$353,492",NA,NA,NA,NA,NA,NA,NA,0,NA,NA,NA,NA
"PCS","Next Step Alt. School",NA,NA,"$1,158,800",NA,NA,NA,NA,NA,NA,NA,0,NA,NA,NA,NA
"PCS","Nia Community",NA,NA,"$2,482,515",NA,NA,NA,NA,NA,NA,NA,0,NA,NA,NA,NA
"PCS","Options (combined)",NA,NA,"$4,116,309",NA,NA,NA,NA,NA,NA,NA,0,NA,NA,NA,NA
"PCS","Options Satillite Campus",NA,NA,"$756,800",NA,NA,NA,NA,NA,NA,NA,0,NA,NA,NA,NA
"PCS","Richard Milburn Academy",NA,NA,"$743,930",NA,NA,NA,NA,NA,NA,NA,0,NA,NA,NA,NA
"PCS","SAIL  16th St.",NA,NA,"$664,860",NA,NA,NA,NA,NA,NA,NA,0,NA,NA,NA,NA
"PCS","SAIL H St.",NA,NA,"$664,790",NA,NA,NA,NA,NA,NA,NA,0,NA,NA,NA,NA
"PCS","Sasha Bruce",NA,NA,"$1,912,721",NA,NA,NA,NA,NA,NA,NA,0,NA,NA,NA,NA
"PCS","Septima Clark",NA,NA,"$3,017,000",NA,NA,NA,NA,NA,NA,NA,0,NA,NA,NA,NA
"PCS","SouthEast Academy",NA,NA,"$3,732,006",NA,NA,NA,NA,NA,NA,NA,0,NA,NA,NA,NA
"PCS","Tech World",NA,NA,"$1,143,098",NA,NA,NA,NA,NA,NA,NA,0,NA,NA,NA,NA
"PCS","Thea Bowman",NA,NA,"$667,214",NA,NA,NA,NA,NA,NA,NA,0,NA,NA,NA,NA
"PCS","Tri-Community",NA,NA,"$2,080,524",NA,NA,NA,NA,NA,NA,NA,0,NA,NA,NA,NA
"PCS","Two Rivers ES/MS",NA,NA,"$3,014,800",NA,NA,NA,NA,NA,NA,NA,0,NA,NA,NA,NA
"PCS","Two Rivers Middle School",NA,NA,"$802,200",NA,NA,NA,NA,NA,NA,NA,0,NA,NA,NA,NA
"PCS","Washington Academy (Blue Castle)",NA,NA,"$907,163",NA,NA,NA,NA,NA,NA,NA,0,NA,NA,NA,NA
"PCS","Washington Academy (Combined)",NA,NA,"$538,350",NA,NA,NA,NA,NA,NA,NA,0,NA,NA,NA,NA
"PCS","Washington Academy (Penn. Ave.)",NA,NA,"$376,540",NA,NA,NA,NA,NA,NA,NA,0,NA,NA,NA,NA
"PCS","Washington Academy JMUMC",NA,NA,"$730,844",NA,NA,NA,NA,NA,NA,NA,0,NA,NA,NA,NA
"PCS","Washington Latin (combined)",NA,NA,"$1,454,643",NA,NA,NA,NA,NA,NA,NA,0,NA,NA,NA,NA
"PCS","William E. Doar Jr. NE Elementary",NA,NA,"$3,857,653",NA,NA,NA,NA,NA,NA,NA,0,NA,NA,NA,NA
"PCS","William E. Doar Jr. NE Middle",NA,NA,"$2,284,666",NA,NA,NA,NA,NA,NA,NA,0,NA,NA,NA,NA
"PCS","William E. Doar Jr. Soldiers Home",NA,NA,"$1,910,351",NA,NA,NA,NA,NA,NA,NA,0,NA,NA,NA,NA
"PCS","World",NA,NA,"$454,860",NA,NA,NA,NA,NA,NA,NA,0,NA,NA,NA,NA
"PCS","Young America Works",NA,NA,"$3,970,618",NA,NA,NA,NA,NA,NA,NA,0,NA,NA,NA,NA
"PCS","Young Technocrats",NA,NA,"$285,671",NA,NA,NA,NA,NA,NA,NA,0,NA,NA,NA,NA
"PCS","AppleTree Parkland",NA,NA,"$498,000",NA,NA,NA,NA,NA,NA,NA,0,NA,NA,NA,NA
"PCS","Community Academy Amos III",NA,NA,"$5,184,109",NA,NA,NA,NA,NA,NA,NA,0,NA,NA,NA,NA
"PCS","Community Academy Amos IIIa",NA,NA,"$1,555,200",NA,NA,NA,NA,NA,NA,NA,0,NA,NA,NA,NA
"PCS","Community Academy Amos IIIb",NA,NA,"$381,000",NA,NA,NA,NA,NA,NA,NA,0,NA,NA,NA,NA
"PCS","Community Academy Rand",NA,NA,"$6,697,063",NA,NA,NA,NA,NA,NA,NA,0,NA,NA,NA,NA
"PCS","Hospitality High",NA,NA,"$5,810,972",NA,NA,NA,NA,NA,NA,NA,0,NA,NA,NA,NA
"PCS","Ideal Academy  (combined)",NA,NA,"$3,658,388",NA,NA,NA,NA,NA,NA,NA,0,NA,NA,NA,NA
"PCS","Next Step (combined) (The Next Step)",NA,NA,"$1,374,105",NA,NA,NA,NA,NA,NA,NA,0,NA,NA,NA,NA
"PCS","SAIL (combined)",NA,NA,"$2,783,601",NA,NA,NA,NA,NA,NA,NA,0,NA,NA,NA,NA
"PCS","Village Learning Center",NA,NA,"$2,878,377",NA,NA,NA,NA,NA,NA,NA,0,NA,NA,NA,NA
