"Agency","School","totalSQFT","Address","Enrolled","maxOccupancy","SqFtperStudent","SchoolCode","Longitude","Latitude","Level","Feeder","Ward","AtRiskPct","SPED","SQFTgroup","Enrollgroup","SQFTpergroup","FakeExpend"
"DCPS","Aiton Elementary School",54017,"533 48th Pl  NE",263,"442",205,"202",-76.933700916,38.897001477,"Elementary",4,"7",0.7327935223,NA,"(3.7e+04,6.3e+04]","[60,280]","(153,234]",31919789
"DCPS","Amidon-Bowen Elementary School",76734,"401 Eye St  SW",347,"400",221,"203",-77.018125299,38.879515067,"Elementary",3,"6",0.7280701754,NA,"(6.3e+04,9.44e+04]","(280,369]","(153,234]",56535280
"DCPS","Anacostia High School",251297,"1601 16th St  SE",680,"837",370,"450",-76.983077254,38.870083725,"High",8,"8",0.7909454061,NA,"(9.44e+04,4.71e+06]","(515,3.77e+04]","(234,802]",60531175
"DCPS","Bancroft Elementary School",76848,"1755 Newton St  NW",508,"563",151,"204",-77.040553444,38.934318023,"Elementary",3,"1",0.3204081633,NA,"(6.3e+04,9.44e+04]","(369,515]","(100,153]",96197769
"DCPS","Barnard Elementary School",96848,"430 Decatur St  NW",602,"486",161,"205",-77.01777708,38.948230613,"Elementary",5,"4",0.4425385935,NA,"(9.44e+04,4.71e+06]","(515,3.77e+04]","(153,234]",91458324
"DCPS","Beers Elementary School",82748,"3600 Alabama Ave  SE",438,"430",189,"206",-76.95560475,38.864349505,"Elementary",2,"7",0.5947867299,NA,"(6.3e+04,9.44e+04]","(369,515]","(153,234]",35387474
"DCPS","Benjamin Banneker High School",135812,"800 Euclid St  NW",449,"620",302,"402",-77.023976968,38.923832421,"High",9,"1",0.2255813953,NA,"(9.44e+04,4.71e+06]","(369,515]","(234,802]",30655678
"DCPS","Brent Elementary School",49645,"301 North Carolina Ave  SE",371,"369",134,"212",-77.00145985,38.884800874,"Elementary",4,"6",0.0557103064,NA,"(3.7e+04,6.3e+04]","(369,515]","(100,153]",11887684
"DCPS","Brightwood Education Campus",88080,"1300 Nicholson St NW",645,"584",137,"213",-77.030688846,38.960535392,"Education Campus",6,"4",0.4585365854,NA,"(6.3e+04,9.44e+04]","(515,3.77e+04]","(100,153]",63303395
"DCPS","Brookland Education Campus @ Bunker Hill",66069,"1401 Michigan Ave  NE",225,"480",294,"346",-76.984995636,38.942012134,"Elementary",6,"5",0.48,NA,"(6.3e+04,9.44e+04]","[60,280]","(234,802]",14608428
"DCPS","Browne Education Campus",190308,"850 26th St  NE",353,"804",539,"404",-76.970667058,38.902598548,"Education Campus",6,"5",0.6790830946,NA,"(9.44e+04,4.71e+06]","(280,369]","(234,802]",73852706
"DCPS","Bruce-Monroe Elementary School @ Park View",138336,"3560 Warder St  NW",467,"609",296,"296",-77.021185666,38.934413761,"Elementary",3,"1",0.5419354839,NA,"(9.44e+04,4.71e+06]","(369,515]","(234,802]",5794129
"DCPS","Burroughs Education Campus",64088,"1820 Monroe St  NE",297,"450",216,"220",-76.97845637,38.933502326,"Elementary",6,"5",0.54,NA,"(6.3e+04,9.44e+04]","(280,369]","(153,234]",61612966
"DCPS","Burrville Elementary School",89214,"801 Division Ave  NE",360,"400",248,"221",-76.92445918,38.900565431,"Elementary",4,"7",0.5536723164,NA,"(6.3e+04,9.44e+04]","(280,369]","(234,802]",2245286
"DCPS","C.W. Harris Elementary School",48500,"301 53rd St  SE",291,"438",167,"247",-76.926115499,38.883598497,"Elementary",4,"7",0.6951672862,NA,"(3.7e+04,6.3e+04]","(280,369]","(153,234]",97497359
"DCPS","Cleveland Elementary School",54207,"1825 8th St  NW",309,"320",175,"224",-77.022707176,38.915144954,"Elementary",3,"1",0.5115511551,NA,"(3.7e+04,6.3e+04]","(280,369]","(153,234]",54393791
"DCPS","Columbia Heights Education Campus",340260,"3101 16th St  NW",1385,"1400",246,"442",-77.035858309,38.929544434,"Education Campus",9,"1",0.4218009479,NA,"(9.44e+04,4.71e+06]","(515,3.77e+04]","(234,802]",45661893
"DCPS","Coolidge High School",316763,"6315 5th St  NW",395,"1105",802,"455",-77.019578251,38.967284215,"High",9,"4",0.5819861432,NA,"(9.44e+04,4.71e+06]","(369,515]","(234,802]",63559459
"DCPS","Deal Middle School",168649,"3815 Fort Dr  NW",1313,"1370",128,"405",-77.075199068,38.952896407,"Middle",7,"3",0.0849358974,NA,"(9.44e+04,4.71e+06]","(515,3.77e+04]","(100,153]",41790228
"DCPS","Drew Elementary School",62807,"5600 Eads St  NE",201,"362",312,"231",-76.919927008,38.89599364,"Elementary",2,"7",0.7678571429,NA,"(3.7e+04,6.3e+04]","[60,280]","(234,802]",17341494
"DCPS","Dunbar High School (OLD)",365228,"101 N St. NW",653,"1100",559,"467",-77.014693861,38.908523215,"High",9,"5",0.6576433121,NA,"(9.44e+04,4.71e+06]","(515,3.77e+04]","(234,802]",69057557
"DCPS","Eastern High School",310721,"1700 East Capitol St NE",1027,"1100",303,"457",-76.979684293,38.890402328,"High",9,"6",0.5964240102,NA,"(9.44e+04,4.71e+06]","(515,3.77e+04]","(234,802]",60248490
"DCPS","Eaton Elementary School",57991,"3301 Lowell St  NW",475,"415",122,"232",-77.065821138,38.932726738,"Elementary",5,"3",0.0595744681,NA,"(3.7e+04,6.3e+04]","(369,515]","(100,153]",11563583
"DCPS","Eliot-Hine Middle School",151470,"1830 Constitution Ave  NE",257,"742",589,"232",-77.065821138,38.932726738,"Elementary",5,"3",0.0595744681,NA,"(9.44e+04,4.71e+06]","[60,280]","(234,802]",25482312
"DCPS","Ellington School of the Arts",177761,"2501 11th St NW",523,NA,340,"471",-77.070307568,38.913446043,"Art",8,"2",0.2144177449,NA,"(9.44e+04,4.71e+06]","(515,3.77e+04]","(234,802]",18762226
"DCPS","Francis-Stevens Education Campus",107751,"2425 N St  NW",415,"437",260,"409",-77.052320997,38.907469168,"Education Campus",9,"2",NA,NA,"(9.44e+04,4.71e+06]","(369,515]","(234,802]",25528233
"DCPS","Garfield Elementary School",68201,"2435 Alabama Ave  SE",284,"365",240,"238",-76.970804777,38.851733042,"Elementary",1,"8",0.7706766917,NA,"(6.3e+04,9.44e+04]","(280,369]","(234,802]",81222661
"DCPS","Garrison Elementary School",62160,"1200 S St  NW",245,"356",254,"239",-77.028612556,38.913900957,"Elementary",3,"2",0.5357142857,NA,"(3.7e+04,6.3e+04]","[60,280]","(234,802]",39594054
"DCPS","H.D. Cooke Elementary School",78473,"2525 17th St NW",402,"440",195,"227",-77.038810584,38.923942751,"Elementary",1,"1",0.5378787879,NA,"(6.3e+04,9.44e+04]","(369,515]","(153,234]",12170178
"DCPS","Hardy Middle School",106341,"1819 35th St  NW",386,"485",275,"246",-77.068613896,38.915508698,"Middle",7,"2",0.269541779,NA,"(9.44e+04,4.71e+06]","(369,515]","(234,802]",25254229
"DCPS","Hart Middle School",149164,"601 Mississippi Ave  SE",480,"912",311,"413",-76.997178747,38.837737537,"Middle",7,"8",0.7629233512,NA,"(9.44e+04,4.71e+06]","(369,515]","(234,802]",70463396
"DCPS","Hearst Elementary School",17213,"3950 37th St  NW",292,"330",59,"258",-77.071955219,38.940722313,"Elementary",4,"3",0.1463414634,NA,"[3.9e+03,3.7e+04]","(280,369]","[0,100]",18266699
"DCPS","Hendley Elementary School",66329,"425 Chesapeake St  SE",504,"520",132,"249",-76.999184846,38.82898558,"Elementary",1,"8",0.8310940499,NA,"(6.3e+04,9.44e+04]","(369,515]","(100,153]",91986037
"DCPS","Houston Elementary School",48544,"1100 50th Pl  NE",279,"398",174,"251",-76.929947647,38.905414986,"Elementary",2,"7",0.6788321168,NA,"(3.7e+04,6.3e+04]","[60,280]","(153,234]",51694675
"DCPS","Hyde-Addison Elementary School",19386,"3219 O St  NW",306,"330",63,"252",-77.064537819,38.908019234,"Elementary",5,"2",0.0658682635,NA,"[3.9e+03,3.7e+04]","(280,369]","[0,100]",64965778
"DCPS","J.O. Wilson Elementary School",97825,"660 K Street NE",466,"480",210,"339",-76.996589022,38.902757665,"Elementary",3,"6",0.4849884527,NA,"(9.44e+04,4.71e+06]","(369,515]","(153,234]",97320638
"DCPS","Janney Elementary School",71785,"4130 Albemarle St  NW",695,"700",103,"254",-77.080994825,38.947550086,"Elementary",5,"3",0.0111642743,NA,"(6.3e+04,9.44e+04]","(515,3.77e+04]","(100,153]",5829154
"DCPS","Jefferson Middle School",103576,"801 7th St SW",278,"570",373,"415",-77.02291066,38.879870599,"Middle",7,"6",0.625,NA,"(9.44e+04,4.71e+06]","[60,280]","(234,802]",5529015
"DCPS","John Hayden Johnson Middle School",170451,"1400 Bruce Pl  SE",292,"730",584,"416",-76.983703681,38.851336572,"Middle",7,"8",0.7601476015,NA,"(9.44e+04,4.71e+06]","(280,369]","(234,802]",86573397
"DCPS","Kelly Miller Middle School",120265,"301 49th St  NE",549,"600",219,"421",-76.932455065,38.893315031,"Middle",7,"7",0.7212475634,NA,"(9.44e+04,4.71e+06]","(515,3.77e+04]","(153,234]",37436049
"DCPS","Ketcham Elementary School",92343,"1919 15th St  SE",309,"325",299,"257",-76.983621162,38.86604236,"Elementary",3,"8",0.7777777778,NA,"(6.3e+04,9.44e+04]","(280,369]","(234,802]",6600962
"DCPS","Key Elementary School",63290,"5001 Dana Pl  NW",383,"364",165,"272",-77.100527318,38.926801504,"Elementary",2,"3",0.0288713911,NA,"(6.3e+04,9.44e+04]","(369,515]","(153,234]",90665576
"DCPS","Kimball Elementary School",72274,"3375 Minnesota Ave  SE",348,"398",208,"259",-76.957572707,38.883082756,"Elementary",3,"7",0.7121212121,NA,"(6.3e+04,9.44e+04]","(280,369]","(153,234]",68743310
"DCPS","King Elementary School",61737,"3200 6th St  SE",372,"444",166,"344",-76.998238991,38.842442852,"Elementary",1,"8",0.8097560976,NA,"(3.7e+04,6.3e+04]","(369,515]","(153,234]",74750579
"DCPS","Kramer Middle School",131865,"1700 Q St  SE",337,"600",391,"417",-76.980171305,38.87128607,"Middle",7,"8",0.7907608696,NA,"(9.44e+04,4.71e+06]","(280,369]","(234,802]",60070442
"DCPS","Lafayette Elementary School",106574,"5701 Broad Branch Rd  NW",697,"516",153,"261",-77.068037122,38.96662722,"Elementary",4,"4",0.0348330914,NA,"(9.44e+04,4.71e+06]","(515,3.77e+04]","(100,153]",78720429
"DCPS","Langdon Education Campus",117308,"1900 Evarts St  NE",342,"500",343,"262",-76.977081855,38.924703828,"Elementary",6,"5",0.56,NA,"(9.44e+04,4.71e+06]","(280,369]","(234,802]",2297642
"DCPS","Langley Education Campus",93680,"101 T Street NE",289,"530",324,"370",NA,NA,NA,NA,NA,NA,NA,"(6.3e+04,9.44e+04]","(280,369]","(234,802]",95426428
"DCPS","LaSalle-Backus Education Campus",55011,"501 Riggs Road NE",350,"400",157,"264",-76.999882544,38.959971809,"Education Campus",6,"4",0.5789473684,NA,"(3.7e+04,6.3e+04]","(280,369]","(153,234]",27726225
"DCPS","Leckie Elementary School",64697,"4201 M L  King Ave  SW",478,"480",135,"266",-77.012891913,38.828196449,"Elementary",2,"8",0.5267379679,NA,"(6.3e+04,9.44e+04]","(369,515]","(100,153]",3208522
"DCPS","Ludlow-Taylor Elementary School",58639,"659 G St  NE",340,"362",172,"271",-76.996492494,38.898743808,"Elementary",1,"6",0.3712374582,NA,"(3.7e+04,6.3e+04]","(280,369]","(153,234]",62928226
"DCPS","Luke C. Moore High School",65751,"1001 Monroe St NE",350,"350",188,"884",-76.992316326,38.932276047,"High",9,"5",NA,NA,"(6.3e+04,9.44e+04]","(280,369]","(153,234]",10189937
"DCPS","Malcolm X Elementary School",94038,"1500 Mississippi Ave. SE Washington",244,"248",385,"308",-76.983398577,38.841645061,"Elementary",2,"8",0.76,NA,"(6.3e+04,9.44e+04]","[60,280]","(234,802]",93012608
"DCPS","Mann Elementary School",22314,"4430 Newark St NW",302,"370",74,"273",-77.087826194,38.934291971,"Elementary",5,"3",0.0069686411,NA,"[3.9e+03,3.7e+04]","(280,369]","[0,100]",5797495
"DCPS","Marie Reed Elementary School",155117,"2201 18th St. NW",393,"470",395,"284",-77.040529953,38.919167306,"Elementary",3,"1",0.3554376658,NA,"(9.44e+04,4.71e+06]","(369,515]","(234,802]",14431083
"DCPS","Maury Elementary School",48128,"1250 Constitution Ave NE",367,"300",131,"274",-76.988657501,38.89218486,"Elementary",5,"6",0.197640118,NA,"(3.7e+04,6.3e+04]","(280,369]","(100,153]",14224288
"DCPS","McKinley Technology High School",665642,"151 T St NE",850,"1160",783,"435/458",NA,NA,NA,NA,NA,NA,NA,"(9.44e+04,4.71e+06]","(515,3.77e+04]","(234,802]",9968249
"DCPS","Moten Elementary School",97094,"1565 Morris Rd SE",398,"480",244,"285",-76.982943653,38.856657189,"Elementary",4,"8",0.7983425414,NA,"(9.44e+04,4.71e+06]","(369,515]","(234,802]",8602288
"DCPS","Murch Elementary School",53673,"4810 36th St  NW",620,"488",87,"287",-77.070079209,38.952933189,"Elementary",1,"3",0.0367412141,NA,"(3.7e+04,6.3e+04]","(515,3.77e+04]","[0,100]",66889551
"DCPS","Nalle Elementary School",65418,"219 50th St  SE",384,"400",170,"288",-76.930796505,38.885954084,"Elementary",2,"7",0.7208672087,NA,"(6.3e+04,9.44e+04]","(369,515]","(153,234]",17275786
"DCPS","Noyes Education Campus",78524,"2725 10th St  NE",290,"391",271,"290",-76.991842884,38.925177646,"Elementary",6,"5",0.65,NA,"(6.3e+04,9.44e+04]","(280,369]","(234,802]",41778350
"DCPS","Old Miner",18123,"601 15th St  NE",398,"550",46,"280",-76.982904319,38.897375681,"Elementary",5,"6",0.720657277,NA,"[3.9e+03,3.7e+04]","(369,515]","[0,100]",4880232
"DCPS","Old Randle",19645,"1650 30th St  SE",362,"450",54,"316",-76.964356283,38.870091402,"Elementary",2,"7",0.647761194,NA,"[3.9e+03,3.7e+04]","(280,369]","[0,100]",95056694
"DCPS","Orr Elementary School",62947,"2200 Minnesota Ave  SE",384,"392",164,"291",-76.974484017,38.871796823,"Elementary",5,"8",0.7211267606,NA,"(3.7e+04,6.3e+04]","(369,515]","(153,234]",13509883
"DCPS","Oyster-Adams Bilingual School (Adams)",55563,"2020 19th St. NW",314,"324",177,"292",-77.044377251,38.917309201,"Education Campus",3,"3",0.0665658094,NA,"(3.7e+04,6.3e+04]","(280,369]","(153,234]",37425521
"DCPS","Oyster-Adams Bilingual School (Oyster)",61865,"2801 Calvert St NW",336,"350",184,"292",-77.044377251,38.917309201,"Education Campus",3,"3",0.0665658094,NA,"(3.7e+04,6.3e+04]","(280,369]","(153,234]",17317331
"DCPS","Patterson Elementary School",81741,"4399 South Capitol Terr  SW",383,"382",213,"294",-77.008484709,38.826966026,"Elementary",3,"8",0.7752808989,NA,"(6.3e+04,9.44e+04]","(369,515]","(153,234]",60663833
"DCPS","Payne Elementary School",61493,"1445 C St SE",277,"348",222,"295",-76.984194914,38.885132314,"Elementary",2,"6",0.5465116279,NA,"(3.7e+04,6.3e+04]","[60,280]","(153,234]",54186686
"DCPS","Peabody Elementary School",35391,"425 C St  NE",227,"228",156,"301",-76.999857987,38.892895991,"Elementary",2,"6",0.0701754386,NA,"[3.9e+03,3.7e+04]","[60,280]","(153,234]",68007399
"DCPS","Phelps Architecture, Construction, and Engineering High School",170801,"704 26th Street NE",323,"512",529,"478",-76.971897631,38.901991687,"High",8,"5",0.4702194357,NA,"(9.44e+04,4.71e+06]","(280,369]","(234,802]",66357326
"DCPS","Plummer Elementary School",66032,"4601 Texas Ave  SE",429,"448",154,"299",-76.939934676,38.887239863,"Elementary",1,"7",0.7716346154,NA,"(6.3e+04,9.44e+04]","(369,515]","(153,234]",4162639
"DCPS","Powell Elementary School",62970,"1350 Upshur St  NW",447,"304",141,"300",-77.031227422,38.941534009,"Elementary",3,"4",0.4458128079,NA,"(3.7e+04,6.3e+04]","(369,515]","(100,153]",15243170
"DCPS","Prospect Learning Center",61873,"920 F STREET NE",248,"450",249,"943",-76.993183024,38.897564662,"Elementary",1,"6",0.078,NA,"(3.7e+04,6.3e+04]","[60,280]","(234,802]",31203601
"DCPS","Raymond Education Campus",65306,"915 Spring Rd  NW",581,"615",112,"302",-77.02643266,38.935810871,"Education Campus",6,"4",0.4548802947,NA,"(6.3e+04,9.44e+04]","(515,3.77e+04]","(100,153]",54991555
"DCPS","Roosevelt High School",332294,"4301 13th St NW",1284,"1030",259,"459",-77.027776341,38.943608176,"High",9,"4",0.696347032,NA,"(9.44e+04,4.71e+06]","(515,3.77e+04]","(234,802]",71289248
"DCPS","Ross Elementary School",20270,"1730 R St  NW",166,"176",122,"305",-77.039662145,38.912390814,"Elementary",4,"2",0.0745341615,NA,"[3.9e+03,3.7e+04]","[60,280]","(100,153]",71503805
"DCPS","Savoy Elementary School",73483,"2400 Shannon Pl SE",408,"430",180,"307",-76.993604261,38.862851652,"Elementary",1,"8",0.7303921569,NA,"(6.3e+04,9.44e+04]","(369,515]","(153,234]",455879
"DCPS","School Without Walls High School",60334,"2130 G St NW",590,"520",102,"466",-77.048186466,38.898123787,"High",9,"2",0.0854700855,NA,"(3.7e+04,6.3e+04]","(515,3.77e+04]","(100,153]",68349998
"DCPS","Seaton Elementary School",66624,"1503 10th St  NW",295,"325",226,"309",-77.024882467,38.910618362,"Elementary",4,"6",0.5138339921,NA,"(6.3e+04,9.44e+04]","(280,369]","(153,234]",82399018
"DCPS","Sharpe Health School",82374,"420 34th St NW",116,"120",710,"312/265",NA,NA,NA,NA,NA,NA,NA,"(6.3e+04,9.44e+04]","[60,280]","(234,802]",89005377
"DCPS","Shepherd Elementary School",47363,"7800 14th St  NW",318,"400",149,"313",-77.033995228,38.984602949,"Elementary",1,"4",0.1513157895,NA,"(3.7e+04,6.3e+04]","(280,369]","(100,153]",13402759
"DCPS","Simon Elementary School",59891,"401 Mississippi Ave  SE",293,"325",204,"315",-77.000194997,38.835980202,"Elementary",4,"8",0.7601351351,NA,"(3.7e+04,6.3e+04]","(280,369]","(153,234]",98514555
"DCPS","Smothers Elementary School",40746,"4400 Brooks St  NE",275,"344",148,"322",-76.938468639,38.893553701,"Elementary",5,"7",0.7103448276,NA,"(3.7e+04,6.3e+04]","[60,280]","(100,153]",34871204
"DCPS","Sousa Middle School",114073,"3650 Ely Pl SE",284,"636",402,"427",-76.953158845,38.883894076,"Middle",7,"7",0.7084745763,NA,"(9.44e+04,4.71e+06]","(280,369]","(234,802]",65176004
"DCPS","Stanton Elementary School",55342,"2701 Naylor Rd  SE",578,"586",96,"319",-76.968490227,38.859271774,"Elementary",2,"8",0.8307692308,NA,"(3.7e+04,6.3e+04]","(515,3.77e+04]","[0,100]",64521841
"DCPS","Stoddert Elementary School",86625,"4001 Calvert St  NW",418,"320",207,"321",-77.079073796,38.923044313,"Elementary",5,"3",0.0367454068,NA,"(6.3e+04,9.44e+04]","(369,515]","(153,234]",35804264
"DCPS","Stuart-Hobson Middle School",110837,"410 E St  NE",423,"450",262,"428",-77.00000438,38.89629737,"Middle",7,"6",0.3045563549,NA,"(9.44e+04,4.71e+06]","(369,515]","(234,802]",39151068
"DCPS","Takoma Education Campus",119436,"7010 Piney Branch Rd  NW",443,"450",270,"324",-77.022794928,38.975042541,"Education Campus",6,"4",0.4660633484,NA,"(9.44e+04,4.71e+06]","(369,515]","(234,802]",9990810
"DCPS","Thomas Elementary School",74826,"650 Anacostia Ave NE",408,"474",183,"325",-76.952110911,38.901278637,"Elementary",1,"7",0.7439613527,NA,"(6.3e+04,9.44e+04]","(369,515]","(153,234]",80996492
"DCPS","Thomson Elementary School",135050,"1200 L St  NW",272,"320",497,"326",-77.028430033,38.903496003,"Elementary",1,"2",0.4152249135,NA,"(9.44e+04,4.71e+06]","[60,280]","(234,802]",90167557
"DCPS","Truesdell Education Campus",78964,"800 Ingraham St  NW",526,"542",150,"327",-77.025071576,38.953968357,"Education Campus",6,"4",0.53125,NA,"(6.3e+04,9.44e+04]","(515,3.77e+04]","(100,153]",97232756
"DCPS","Tubman Elementary School",83462,"3101 13th St  NW",502,"500",166,"328",-77.029443298,38.929198235,"Elementary",4,"1",0.6306483301,NA,"(6.3e+04,9.44e+04]","(369,515]","(153,234]",94598240
"DCPS","Turner Elementary School",101093,"3264 Stanton Rd SE",395,"530",256,"329",-76.980309925,38.847634942,"Elementary",1,"8",0.7791563275,NA,"(9.44e+04,4.71e+06]","(369,515]","(234,802]",91525071
"DCPS","Tyler Elementary School",72954,"1001 G St  SE",523,"564",139,"330",-76.992041663,38.881084023,"Elementary",3,"6",0.4023668639,NA,"(6.3e+04,9.44e+04]","(515,3.77e+04]","(100,153]",49574557
"DCPS","Walker-Jones Education Campus",114942,"1125 New Jersey Ave NW",472,"700",244,"332",-77.01391586,38.904191757,"Education Campus",5,"6",0.718061674,NA,"(9.44e+04,4.71e+06]","(369,515]","(234,802]",58919356
"DCPS","Washington Metropolitan High School",65029,"300 Bryant Street NW",244,"350",267,"474",-77.015584665,38.920429783,"High",8,"1",NA,NA,"(6.3e+04,9.44e+04]","[60,280]","(234,802]",19937060
"DCPS","Watkins Elementary School",62970,"420 12th St  SE",500,"587",126,"333",-76.989996769,38.883466674,"Elementary",2,"6",0.2146788991,NA,"(3.7e+04,6.3e+04]","(369,515]","(100,153]",61651856
"DCPS","West Education Campus",91389,"1338 Farragut St  NW",267,"278",342,"336",-77.032253056,38.95136708,"Education Campus",6,"4",0.3410852713,NA,"(6.3e+04,9.44e+04]","[60,280]","(234,802]",57021692
"DCPS","Wheatley Education Campus",94773,"1299 Neal St NE",463,"500",205,"335",-76.988500771,38.90411741,"Education Campus",5,"5",0.7805429864,NA,"(9.44e+04,4.71e+06]","(369,515]","(153,234]",40683476
"DCPS","Whittier Education Campus",63516,"6201 5th St  NW",352,"520",180,"338",-77.019238602,38.965856939,"Education Campus",6,"4",0.5607734807,NA,"(6.3e+04,9.44e+04]","(280,369]","(153,234]",28111002
"DCPS","Wilson High School",406854,"3950 Chesapeake St NW",1794,"1700",227,"463",-77.077775201,38.950155808,"High",8,"3",0.2010613208,NA,"(9.44e+04,4.71e+06]","(515,3.77e+04]","(153,234]",54243477
"DCPS","Ballou HS (includes STAY Program)",NA,"3401 4th St  SE",1345,"1520",0,"452",-77.000975263,38.839382331,"High",8,"8",0.7168141593,NA,NA,"(515,3.77e+04]","[0,100]",92769984
"DCPS","Cardozo EC",NA,"1200 Clifton St. NW",785,"1070",0,"454",-77.028470794,38.922172198,"Education Campus",8,"1",0.6446402349,NA,NA,"(515,3.77e+04]","[0,100]",67951405
"DCPS","Capitol Hill Montessori School @ Logan",NA,"215 G Street NE",311,"360",0,"629",-77.002562701,38.898529974,"Education Campus",2,"6",0.101,NA,NA,"(280,369]","[0,100]",5932458
"DCPS","Woodson, H.D. HS",NA,"540 55th St. NE",639,"1000",0,"464",-76.922322143,38.896782823,"High",9,"7",0.6850393701,NA,NA,"(515,3.77e+04]","[0,100]",78250334
"PCS","Achievement Preparatory PCS (Elementary School)",23302,"1500 Mississippi Avenue, SE",267,"N/A",87,"217",-76.99226882,38.83432822,"Elementary",NA,"8",0.49438202247191,23,"[3.9e+03,3.7e+04]","[60,280]","[0,100]",77083207
"PCS","Achievement Preparatory PCS (Middle School)",33177,"908 Wahler Place, SE",381,"519",87,"1100",-76.98339857,38.8416454,"Middle",NA,"8",0.503937007874016,51,"[3.9e+03,3.7e+04]","(369,515]","[0,100]",11104904
"PCS","AppleTree Early Learning Center PCS - Columbia Heights",12204,"2750 14th Street, NW ",163,"188",75,"140",-77.03274382,38.92524403,"Elementary",NA,"1",0.355828220858896,10,"[3.9e+03,3.7e+04]","[60,280]","[0,100]",57178097
"PCS","AppleTree Early Learning Center PCS -  Lincoln Park",8975,"138 12th Street, NE",60,"73",150,"3073",-76.99053567,38.89151343,"Elementary",NA,"6",0.0833333333333333,5,"[3.9e+03,3.7e+04]","[60,280]","(100,153]",61581515
"PCS","AppleTree Early Learning Center PCS - Oklahoma Avenue",15866,"320 21st Street, NE",161,"218",99,"1137",-76.97558295,38.89459581,"Elementary",NA,"7",0.496894409937888,4,"[3.9e+03,3.7e+04]","[60,280]","[0,100]",94437333
"PCS","AppleTree Early Learning Center PCS - Southwest",6162,"801 7th Street, SW",86,"158",72,"141",-77.0181253,38.8795154,"Elementary",NA,"6",0.476744186046512,2,"[3.9e+03,3.7e+04]","[60,280]","[0,100]",37700756
"PCS","AppleTree Early Learning PCS - Southeast",9677,"2017 Savannah Terrace, SE",178,"110",96,"3072",-76.9749201,38.84876326,"Elementary",NA,"8",0.724719101123595,4,"[3.9e+03,3.7e+04]","[60,280]","[0,100]",48488334
"PCS","BASIS DC PCS",44179,"410 8th Street, NW",551," 	1,062 ",80,"3068",-77.0232213,38.89521439,"Middle",NA,"2",0.0871143375680581,23,"(3.7e+04,6.3e+04]","(515,3.77e+04]","[0,100]",20638481
"PCS","Bridges PCS",3900,"1250 Taylor Street, NW",272,"89",54,"142",-77.02862381,38.94050005,"Elementary",NA,"4",0.341911764705882,77,"[3.9e+03,3.7e+04]","[60,280]","[0,100]",39411973
"PCS","Cedar Tree Academy PCS",31000,"701 Howard Road, SE",358,"650",87,"188",-76.99919401,38.86421603,"Elementary",NA,"8",0.729050279329609,9,"[3.9e+03,3.7e+04]","(280,369]","[0,100]",86896984
"PCS","Center City PCS - Brightwood",37010,"6008 Georgia Avenue, NW",248,"567",149,"1103",-77.02832854,38.96319196,"Mixed",NA,"4",0.32258064516129,26,"(3.7e+04,6.3e+04]","[60,280]","(100,153]",37385216
"PCS","Center City PCS - Capitol Hill",40037,"1503 East Capitol Street, SE",239,"534",168,"1104",-76.98330456,38.88952582,"Mixed",NA,"6",0.468619246861925,23,"(3.7e+04,6.3e+04]","[60,280]","(153,234]",51246139
"PCS","Center City PCS - Congress Heights",27000,"220 Highview Place, SE",257,"341",105,"1105",-77.00444463,38.84158668,"Mixed",NA,"8",0.669260700389105,19,"[3.9e+03,3.7e+04]","[60,280]","(100,153]",22077444
"PCS","Center City PCS - Petworth",30825,"510 Webster Street, NW",262,"425",118,"1106",-77.02090667,38.94387114,"Mixed",NA,"4",0.370229007633588,19,"[3.9e+03,3.7e+04]","[60,280]","(100,153]",72089129
"PCS","Center City PCS - Shaw",29240,"711 N Street, NW",241,"350",121,"1107",-77.02266552,38.90744452,"Mixed",NA,"6",0.468879668049793,29,"[3.9e+03,3.7e+04]","[60,280]","(100,153]",45564664
"PCS","Center City PCS - Trinidad",23313,"1217 W  Virginia Avenue, NE",236,"434",99,"1108",-76.99120218,38.90529915,"Mixed",NA,"5",0.559322033898305,26,"[3.9e+03,3.7e+04]","[60,280]","[0,100]",96065706
"PCS","Cesar Chavez PCS for Public Policy - Capitol Hill",40000,"709 12th Street, SE",358,"430",112,"153",-76.99064037,38.88069473,"High",NA,"6",0.628491620111732,70,"(3.7e+04,6.3e+04]","(280,369]","(100,153]",91372852
"PCS","Cesar Chavez PCS for Public Policy - Chavez Prep",36059,"770 Kenyon Street, NW",331,"420",109,"127",-77.02587574,38.92960614,"Elementary",NA,"1",0.513595166163142,48,"[3.9e+03,3.7e+04]","(280,369]","(100,153]",11010126
"PCS","Community Academy PCS - Amos 1",55000,"1300 Allison Street, NW",590,"957",93,"105",-77.03054061,38.94470049,"Mixed",NA,"4",0.442372881355932,53,"(3.7e+04,6.3e+04]","(515,3.77e+04]","[0,100]",92752201
"PCS","Community Academy PCS - Amos 2",50600,"33 Riggs Road, NE",329,"600",154,"158",-77.00663786,38.95492264,"Elementary",NA,"5",0.586626139817629,18,"(3.7e+04,6.3e+04]","(280,369]","(153,234]",13424492
"PCS","Community Academy PCS - Amos 5",1e+05,"1400 1st Street, NW",523," 	1,020 ",191,"106",-77.0132191,38.90908026,"Mixed",NA,"5",0.520076481835564,35,"(9.44e+04,4.71e+06]","(515,3.77e+04]","(153,234]",46790141
"PCS","Community Academy PCS - CAPCS Online",20100,"1351 Nicholson Street, NW",123,"217",163,"108",-77.0321778,38.9059779,"Mixed",NA,"2",0.349593495934959,21,"[3.9e+03,3.7e+04]","[60,280]","(153,234]",34564218
"PCS","Creative Minds International PCS",17976,"3224 16th Street, NW",181,"203",99,"3069",-77.03681552,38.93151044,"Elementary",NA,"1",0.121546961325967,48,"[3.9e+03,3.7e+04]","[60,280]","[0,100]",69654227
"PCS","DC  Bilingual PCS",50000,"1420 Columbia Road, NW",364,"549",206,"199",-77.0333075,38.92719562,"Mixed",NA,"1",0.357142857142857,56,"(3.7e+04,6.3e+04]","(280,369]","(153,234]",61854861
"PCS","DC Prep PCS - Edgewood (Elementary School)",50050,"707 Edgewood Street, NE",432,"499",116,"130",-76.99573508,38.92427699,"Elementary",NA,"5",0.456018518518519,28,"(3.7e+04,6.3e+04]","(369,515]","(100,153]",98656852
"PCS","DC Prep PCS - Edgewood (Middle School)",39746," 701 Edgewood Street, NE",294,"340",135,"196",-76.99600905,38.92473904,"Middle",NA,"5",0.343537414965986,46,"(3.7e+04,6.3e+04]","(280,369]","(100,153]",23441182
"PCS","DC Scholars PCS",31000,"5601 East Capitol Street, SE",389,"443",80,"3070",-76.92174283,38.88947954,"Mixed",NA,"7",0.647814910025707,38,"[3.9e+03,3.7e+04]","(369,515]","[0,100]",72023729
"PCS","Democracy Prep Congress Heights PCS",42528,"3100 Martin Luther King Jr. Avenue, SE",620,"890",69,"234",NA,NA,"Mixed",NA,NA,0.703225806451613,70,"(3.7e+04,6.3e+04]","(515,3.77e+04]","[0,100]",74805698
"PCS","District of Columbia International School PCS",20217,"3220 16th Street, NW",210,"308",96,"248",NA,NA,"Elementary",NA,NA,0.20952380952381,40,"[3.9e+03,3.7e+04]","[60,280]","[0,100]",22233079
"PCS","E.L. Haynes PCS - Georgia Avenue",45484,"3600 Georgia Avenue, NW",377,"516",121,"146",-77.02424335,38.93432162,"Middle",NA,"1",0.416445623342175,77,"(3.7e+04,6.3e+04]","(369,515]","(100,153]",76323745
"PCS","Eagle Academy PCS - The Eagle Center at McGogney",60000,"3400 Wheeler Road, SE",774," 	1,241 ",78,"195",-76.9930375,38.84026907,"Elementary",NA,"8",0.602067183462532,83,"(3.7e+04,6.3e+04]","(515,3.77e+04]","[0,100]",62536967
"PCS","Eagle Academy PCS - New Jersey Avenue",8500,"1017 New Jersey Avenue, SE",146,"190",58,"1125",-77.00508258,38.8778378,"Elementary",NA,"6",0.541095890410959,11,"[3.9e+03,3.7e+04]","[60,280]","[0,100]",64424885
"PCS","Early Childhood Academy PCS",4012,"4301 9th Street, SE ",259,"122",76,"138",-76.99053162,38.83175194,"Elementary",NA,"8",0.644787644787645,22,"[3.9e+03,3.7e+04]","[60,280]","[0,100]",1558080
"PCS","Elsie Whitlow Stokes Community Freedom PCS",32341,"3700 Oakview Terrace, NE",350,"450",92,"159",-76.99008735,38.93498987,"Mixed",NA,"5",0.177142857142857,26,"[3.9e+03,3.7e+04]","(280,369]","[0,100]",12624824
"PCS","Friendship PCS - Southeast Elementary Academy",58539,"645 Milwaukee Place, SE",576,"950",102,"113",-76.99700774,38.84779147,"Mixed",NA,"8",0.715277777777778,56,"(3.7e+04,6.3e+04]","(515,3.77e+04]","(100,153]",81623366
"PCS","Friendship PCS - Technology Preparatory Academy",7224,"620 Milwaukee Place, SE",499,"200",133,"1124",-76.99757265,38.84826749,"High",NA,"8",0.707414829659319,90,"[3.9e+03,3.7e+04]","(369,515]","(100,153]",56047175
"PCS","Friendship PCS - Collegiate Academy",152000,"4095 Minnesota Avenue, NE",883," 	1,500 ",172,"186",-76.94634663,38.8975498,"High",NA,"7",0.585503963759909,165,"(9.44e+04,4.71e+06]","(515,3.77e+04]","(153,234]",82829648
"PCS","Harmony DC PCS",20000,"62 T Street, NE",66,"220",303,"245",NA,NA,"Mixed",NA,NA,0.606060606060606,8,"[3.9e+03,3.7e+04]","[60,280]","(234,802]",22622682
"PCS","Hope Community PCS - Lamond",41000,"6200 Kansas Avenue, NE",358,"500",115,"131",-77.00860715,38.96571909,"Mixed",NA,"4",0.41340782122905,22,"(3.7e+04,6.3e+04]","(280,369]","(100,153]",98598701
"PCS","Hope Community PCS - Tolson",33571,"2917 8th Street, NE",517,"540",65,"114",-76.99461626,38.9269508,"Mixed",NA,"5",0.51063829787234,43,"[3.9e+03,3.7e+04]","(515,3.77e+04]","[0,100]",54595870
"PCS","Howard University Middle School of Math and Science PCS",20968,"405 Howard Place, NW",294,"435",71,"115",-77.01912932,38.92284156,"Elementary",NA,"1",0.391156462585034,9,"[3.9e+03,3.7e+04]","(280,369]","[0,100]",51991338
"PCS","IDEA (Integrated Design & Electronic Academy) PCS",70000,"1027 45th Street, NE",217,"490",323,"163",-76.93710358,38.90454891,"High",NA,"7",0.76036866359447,42,"(6.3e+04,9.44e+04]","[60,280]","(234,802]",35252465
"PCS","Ideal Academy PCS",35090,"6130 N Capitol Street, NW",297,"500",118,"134",-77.00993332,38.96491986,"Mixed",NA,"4",0.622895622895623,32,"[3.9e+03,3.7e+04]","(280,369]","(100,153]",34779495
"PCS","Ingenuity Prep PCS",31075,"4600 Livingston Road, SE",201,"200",155,"200",-77.00308684,38.82390393,"Elementary",NA,"8",0.736318407960199,22,"[3.9e+03,3.7e+04]","[60,280]","(153,234]",30460404
"PCS","Inspired Teaching Demonstration PCS",40800,"200 Douglas Street, NE",317,"620",129,"3064",-77.03079817,38.92008577,"Mixed",NA,"1",0.110410094637224,34,"(3.7e+04,6.3e+04]","(280,369]","(100,153]",27548074
"PCS","KIPP DC - College Preparatory PCS",187423,"1401 Brentwood Parkway, NE",454,"500",413,"1123",-76.98804884,38.85662232,"High",NA,"8",0.511013215859031,86,"(9.44e+04,4.71e+06]","(369,515]","(234,802]",44550607
"PCS","Latin American Montessori Bilingual PCS",16468,"1375 Missouri Avenue, NW",342,"346",107,"193",-77.03239905,38.96216089,"Mixed",NA,"4",0.116959064327485,38,"[3.9e+03,3.7e+04]","(280,369]","(100,153]",55484277
"PCS","Lee Montessori PCS",13200,"301 Douglas Street, NE",74,"162",178,"228",NA,NA,"Elementary",NA,NA,0.135135135135135,5,"[3.9e+03,3.7e+04]","[60,280]","(153,234]",97074184
"PCS","Mary McLeod Bethune Day Academy PCS",56927,"1404 Jackson Street, NE",381,"450",149,"135",-76.98686463,38.92960592,"Mixed",NA,"5",0.622047244094488,35,"(3.7e+04,6.3e+04]","(369,515]","(100,153]",38762844
"PCS","Meridian PCS",61900,"2120 13th Street, NW",639,"718",97,"165",-77.02995351,38.91874942,"Mixed",NA,"1",0.460093896713615,77,"(3.7e+04,6.3e+04]","(515,3.77e+04]","[0,100]",53983352
"PCS","Mundo Verde Bilingual PCS",36148,"30 P Street, NW",404,"897",89,"3065",-77.03681,38.93131343,"Elementary",NA,"1",0.141089108910891,22,"[3.9e+03,3.7e+04]","(369,515]","[0,100]",5680009
"PCS","National Collegiate Preparatory PCHS",50000,"4600 Livingston Road, SE",306,"400",163,"1120",-77.00308684,38.82390393,"High",NA,"8",0.696078431372549,40,"(3.7e+04,6.3e+04]","(280,369]","(153,234]",26724725
"PCS","Options PCS",66622,"1375 E Street, NE",268," 	1,127 ",249,"169",-76.98621343,38.89585026,"High",NA,"6",0.813432835820896,168,"(6.3e+04,9.44e+04]","[60,280]","(234,802]",12295808
"PCS","Perry Street Preparatory PCS",171000,"1800 Perry Street, NE",619," 	1,250 ",276,"161",-76.97859551,38.93679648,"Mixed",NA,"5",0.554119547657512,93,"(9.44e+04,4.71e+06]","(515,3.77e+04]","(234,802]",91307565
"PCS","Potomac Preparatory PCS",42016,"4401 8th Street, NE",425,"650",99,"117",-76.994532,38.9429707,"Mixed",NA,"5",0.614117647058824,50,"(3.7e+04,6.3e+04]","(369,515]","[0,100]",28035231
"PCS","Richard Wright PCS for Journalism and Media Arts",28000,"770 M Street, SE",305,"398",92,"3067",-76.99557668,38.87699771,"High",NA,"6",0.737704918032787,58,"[3.9e+03,3.7e+04]","(280,369]","[0,100]",1131903
"PCS","Roots PCS",9000,"15 Kennedy Street, NW",95,"70",109,"173",-77.01030958,38.95686375,"Mixed",NA,"4",0.410526315789474,7,"[3.9e+03,3.7e+04]","[60,280]","(100,153]",31968109
"PCS","SEED Public Charter School of Washington, DC",48128,"4300 C Street, SE",336,"488",143,"174",-76.94630306,38.88713024,"High",NA,"7",0.511904761904762,57,"(3.7e+04,6.3e+04]","(280,369]","(100,153]",53492066
"PCS","Sela PCS",NA,"6015 Chillum Place, NE",86,"N/A",NA,"197",-77.00736469,38.96387483,"Elementary",NA,"4",0.27906976744186,8,NA,"[60,280]",NA,67820090
"PCS","Shining Stars Montessori Academy PCS",NA,"6017 Chillum Place, NE",118,"N/A",NA,"3066",-77.03079817,38.92008577,"Elementary",NA,"1",0.169491525423729,1,NA,"[60,280]",NA,54602042
"PCS","Somerset Preparatory Academy PCS",112000,"3301 Wheeler Road, SE",240," 	1,149 ",467,"187",-76.99410056,38.84151923,"Elementary",NA,"8",0.666666666666667,44,"(9.44e+04,4.71e+06]","[60,280]","(234,802]",92202096
"PCS","St. Coletta Special Education PCS",99540,"1901 Independence Avenue, SE",252,"525",395,"1047",-76.97667492,38.88721683,"Elementary",NA,"7",0.44047619047619,251,"(9.44e+04,4.71e+06]","[60,280]","(234,802]",41154292
"PCS","Thurgood Marshall Academy PCS",63625,"2427 Martin Luther King Jr. Avenue, SE",395,"416",161,"191",-76.99368577,38.86227707,"High",NA,"8",0.546835443037975,50,"(6.3e+04,9.44e+04]","(369,515]","(153,234]",39254899
"PCS","Tree of Life PCS",28076,"2315 18th Place, NE",286," 	1,393 ",85,"183",-76.97783843,38.9207792,"Mixed",NA,"5",0.646853146853147,25,"[3.9e+03,3.7e+04]","(280,369]","[0,100]",42279874
"PCS","Two Rivers PCS (Elementary and Middle Schools)",33076,"1227 4th Street, NE ",518,"537",98,"198",-77.00029965,38.90675361,"Mixed",NA,"6",0.243243243243243,107,"[3.9e+03,3.7e+04]","(515,3.77e+04]","[0,100]",91467724
"PCS","Washington Mathematics Science Technology PCHS",49116,"1920 Bladensburg Road, NE",335,"420",147,"178",-76.97378958,38.91641842,"High",NA,"5",0.662686567164179,72,"(3.7e+04,6.3e+04]","(280,369]","(100,153]",6012987
"PCS","Washington Yu Ying PCS",41118,"220 Taylor Street, NE",528,"610",78,"1117",-77.00368216,38.94123488,"Mixed",NA,"5",0.0416666666666667,30,"(3.7e+04,6.3e+04]","(515,3.77e+04]","[0,100]",67126829
"PCS","William E. Doar, Jr. PCS for the Performing Arts",46835,"705 Edgewood Street, NE",439,"560",107,"210",-76.99585343,38.9236448,"Mixed",NA,"5",0.507972665148064,35,"(3.7e+04,6.3e+04]","(369,515]","(100,153]",60593634
"PCS","Academy of Hope Adult PCS*",9375,"601 Edgewood Street, NE",256,"75",83.5,"233",NA,NA,"Elementary",NA,NA,0,0,"[3.9e+03,3.7e+04]","[60,280]","[0,100]",61994039
"PCS","Briya PCS*",NA,"2333 Ontario Road, NW (Main Office)",492,"N/A",NA,"126",-77.0398061,38.92097271,"Elementary",NA,"1",0.040650406504065,5,NA,"(369,515]",NA,77605834
"PCS","Carlos Rosario International PCS*",84000,"1100 Harvard Street, NW",1973," 	1,200 ",67,"1119",-77.02755753,38.92646384,"Elementary",NA,"1",0,0,"(6.3e+04,9.44e+04]","(515,3.77e+04]","[0,100]",50840696
"PCS","Community College Preparatory Academy PCS*",11000,"2405 Martin Luther King Jr. Avenue, SE",273,"155",40,"216",-76.99262996,38.86275176,"Elementary",NA,"8",0,1,"[3.9e+03,3.7e+04]","[60,280]","[0,100]",30186065
"PCS","LAYC Career Academy PCS*",15500,"3047 15th Street, NW",190,"225",82,"104",-77.0358413,38.92851269,"Elementary",NA,"1",0,6,"[3.9e+03,3.7e+04]","[60,280]","[0,100]",71651593
"PCS","Youthbuild PCS*",11709,"3014 14th St NW",112,"100",105,"128",-77.03275327,38.92774375,"Elementary",NA,"1",0,10,"[3.9e+03,3.7e+04]","[60,280]","(100,153]",31738139
"PCS","The Next Step/El Proximo Paso PCS*",31352,"3047 15th Street, NW",363,"375",86,"168",-77.0358413,38.92851269,"Elementary",NA,"1",0,13,"[3.9e+03,3.7e+04]","(280,369]","[0,100]",20791040
"PCS","Capital City PCS (Lower, Middle, and High Schools)",171100,"100 Peabody Street, NW",971," 	1,180 ",176,"1207,184 & 182",-77.01286745,38.96216486,"Mixed",NA,"4",0.340885684860968,131,"(9.44e+04,4.71e+06]","(515,3.77e+04]","(153,234]",58967049
"PCS","Cesar Chavez PCS for Public Policy - Parkside (Middle and High Schools)",66880,"3701 Hayes Street,  NE",659,"834",101,"102 & 109",-76.94906511,38.90143803,"Mixed",NA,"7",0.655538694992413,82,"(6.3e+04,9.44e+04]","(515,3.77e+04]","(100,153]",3865813
"PCS","DC  Prep PCS - Benning (Elementary and Middle Schools)",107130,"100 41st Street, NE",594,"849",180,"1110 & 218",-76.94482148,38.8910218,"Mixed",NA,"7",0.501683501683502,44,"(9.44e+04,4.71e+06]","(515,3.77e+04]","(153,234]",7905864
"PCS","E.L. Haynes PCS - Kansas Avenue (Elementary and High Schools)",71447,"4501 Kansas Avenue, NW",780,"861",92,"1206 & 1138",-77.02241638,38.94560189,"Mixed",NA,"4",0.441025641025641,129,"(6.3e+04,9.44e+04]","(515,3.77e+04]","[0,100]",49484054
"PCS","Excel Academy PCS (LEAD and DREAM)",86800,"2501 Martin Luther King Jr. Avenue, SE",724," 	1,292 ",120,"1211 & 1113",-76.99535457,38.85976209,"Mixed",NA,"8",0.643646408839779,50,"(6.3e+04,9.44e+04]","(515,3.77e+04]","(100,153]",69781976
"PCS","Friendship PCS - Blow-Pierce (Elementary and Middle Schools)",52944,"725 19th Street, NE",592,"925",89,"362 & 361",-76.97648125,38.89782045,"Mixed",NA,"7",0.736486486486487,56,"(3.7e+04,6.3e+04]","(515,3.77e+04]","[0,100]",91404019
"PCS","Friendship PCS - Chamberlain (Elementary and Middle Schools)",80860,"1345 Potomac Avenue, SE",718," 	1,046 ",113,"363 & 364",-76.9868023,38.87938499,"Mixed",NA,"6",0.605849582172702,77,"(6.3e+04,9.44e+04]","(515,3.77e+04]","(100,153]",96928383
"PCS","Friendship PCS - Woodridge (Elementary and Middle Schools)",37000,"2959 Carlton Avenue, NE",452,"600",82,"365 & 366",-76.9665146,38.92954664,"Mixed",NA,"5",0.446902654867257,47,"[3.9e+03,3.7e+04]","(369,515]","[0,100]",59613289
"PCS","KIPP DC - Arts & Technology Academy PCS and Quest Academy PCS",67378,"5300 Blaine Street, NE",494,"764",136,"236 & 237",NA,NA,"Mixed",NA,NA,0.617408906882591,57,"(6.3e+04,9.44e+04]","(369,515]","(100,153]",83529011
"PCS","KIPP DC - Connect Academy PCS, Spring Academy PCS, and  Northeast Academy PCS",67000,"1375 Mt Olivet Road, NE",529," 	1,206 ",127,"209, 242 & 214",-76.98113601,38.90807397,"Mixed",NA,"5",0.546313799621928,48,"(6.3e+04,9.44e+04]","(515,3.77e+04]","(100,153]",36616578
"PCS","KIPP DC - Grow Academy PCS, LEAD Academy PCS, and WILL Academy PCS",100671,"421 P Street, NW",958," 	1,195 ",105,"1129, 190 & 121",-77.01811734,38.90988639,"Mixed",NA,"6",0.422755741127349,110,"(9.44e+04,4.71e+06]","(515,3.77e+04]","(100,153]",63161760
"PCS","KIPP DC - KEY Academy PCS, LEAP Academy PCS, and Promise Academy PCS",84681,"4801 Benning Road, SE",1038," 	1,608 ",82,"189, 132 & 1121",-76.93439427,38.88262754,"Mixed",NA,"7",0.536608863198459,111,"(6.3e+04,9.44e+04]","(515,3.77e+04]","[0,100]",77684153
"PCS","KIPP DC - AIM Academy PCS, Discover Academy PCS, and Heights Academy PCS",144000,"2600 Douglass Place, SE",1066," 	1,900 ",135,"116, 1122 &3071",-76.98804884,38.85662232,"Mixed",NA,"8",0.582551594746717,153,"(9.44e+04,4.71e+06]","(515,3.77e+04]","(100,153]",21114678
"PCS","Paul PCS - International Middle and High Schools",128000,"5800 8th Street, NW",701,"780",183,"222 & 170",-77.02472307,38.96136545,"Mixed",NA,"4",0.455064194008559,89,"(9.44e+04,4.71e+06]","(515,3.77e+04]","(153,234]",96818718
"PCS","Washington Latin PCS (Middle and Upper Schools)",64299,"5200 2nd Street, NW",670,"835",96,"1118 & 125",-77.01381902,38.95388895,"Mixed",NA,"4",0.128358208955224,60,"(6.3e+04,9.44e+04]","(515,3.77e+04]","[0,100]",12726867
"PCS","Maya Angelou PCS -Evans and Young Adult Learning Center*",125800,"5600 E Capitol Street, NE",399,"646",315,"101 & 137",-76.92063526,38.89029144,"Mixed",NA,"7",0.0025062656641604,105,"(9.44e+04,4.71e+06]","(369,515]","(234,802]",61955691
"PCS","",4713321,"",37684,"",133,"",NA,NA,"Mixed",NA,NA,NA,NA,"(9.44e+04,4.71e+06]","(515,3.77e+04]","(100,153]",50718731
"PCS","Washington Hospitality Foundation",29300,"1851 9th Street NW",171,"347",171,"160",-77.02364411,38.91536518,"Mixed",NA,"1",NA,NA,"[3.9e+03,3.7e+04]","[60,280]","(153,234]",37747842
