Agency,School,totalSQFT,Address,Enrolled,SqFtperStudent,SchoolCode,Longitude,Latitude,Ward,AtRiskPct,SQFTgroup,Enrollgroup,SQFTpergroup,FakeExpend,Unknown
DCPS,Aiton Elementary School,54017,533 48th Pl  NE,263,205,202,-76.933700916,38.897001477,7,0.7327935223,"(3.7e+04,6.3e+04]","[60,280]","(153,234]",18215753,ES
DCPS,Amidon-Bowen Elementary School,76734,401 Eye St  SW,347,221,203,-77.018125299,38.879515067,6,0.7280701754,"(6.3e+04,9.44e+04]","(280,369]","(153,234]",1249008,ES
DCPS,Anacostia High School,251297,1601 16th St  SE,680,370,450,-76.983077254,38.870083725,8,0.7909454061,"(9.44e+04,4.71e+06]","(515,3.77e+04]","(234,802]",12002461,HS
DCPS,Bancroft Elementary School,76848,1755 Newton St  NW,508,151,204,-77.040553444,38.934318023,1,0.3204081633,"(6.3e+04,9.44e+04]","(369,515]","(100,153]",44115282,ES
DCPS,Barnard Elementary School,96848,430 Decatur St  NW,602,161,205,-77.01777708,38.948230613,4,0.4425385935,"(9.44e+04,4.71e+06]","(515,3.77e+04]","(153,234]",38335943,ES
DCPS,Beers Elementary School,82748,3600 Alabama Ave  SE,438,189,206,-76.95560475,38.864349505,7,0.5947867299,"(6.3e+04,9.44e+04]","(369,515]","(153,234]",98213056,ES
DCPS,Benjamin Banneker High School,135812,800 Euclid St  NW,449,302,402,-77.023976968,38.923832421,1,0.2255813953,"(9.44e+04,4.71e+06]","(369,515]","(234,802]",8855544,HS
DCPS,Brent Elementary School,49645,301 North Carolina Ave  SE,371,134,212,-77.00145985,38.884800874,6,0.0557103064,"(3.7e+04,6.3e+04]","(369,515]","(100,153]",51646565,ES
DCPS,Brightwood Education Campus,88080,1300 Nicholson St NW,645,137,213,-77.030688846,38.960535392,4,0.4585365854,"(6.3e+04,9.44e+04]","(515,3.77e+04]","(100,153]",1263335,EC
DCPS,Brookland Education Campus @ Bunker Hill,66069,1401 Michigan Ave  NE,225,294,346,-76.984995636,38.942012134,5,0.48,"(6.3e+04,9.44e+04]","[60,280]","(234,802]",63407919,EC
DCPS,Browne Education Campus,190308,850 26th St  NE,353,539,404,-76.970667058,38.902598548,5,0.6790830946,"(9.44e+04,4.71e+06]","(280,369]","(234,802]",92554119,EC
DCPS,Bruce-Monroe Elementary School @ Park View,138336,3560 Warder St  NW,467,296,296,-77.021185666,38.934413761,1,0.5419354839,"(9.44e+04,4.71e+06]","(369,515]","(234,802]",4155637,ES
DCPS,Burroughs Education Campus,64088,1820 Monroe St  NE,297,216,220,-76.97845637,38.933502326,5,0.54,"(6.3e+04,9.44e+04]","(280,369]","(153,234]",89847027,EC
DCPS,Burrville Elementary School,89214,801 Division Ave  NE,360,248,221,-76.92445918,38.900565431,7,0.5536723164,"(6.3e+04,9.44e+04]","(280,369]","(234,802]",12953781,ES
DCPS,C.W. Harris Elementary School,48500,301 53rd St  SE,291,167,247,-76.926115499,38.883598497,7,0.6951672862,"(3.7e+04,6.3e+04]","(280,369]","(153,234]",64835653,ES
DCPS,Cleveland Elementary School,54207,1825 8th St  NW,309,175,224,-77.022707176,38.915144954,1,0.5115511551,"(3.7e+04,6.3e+04]","(280,369]","(153,234]",32816947,ES
DCPS,Columbia Heights Education Campus,340260,3101 16th St  NW,1385,246,442,-77.035858309,38.929544434,1,0.4218009479,"(9.44e+04,4.71e+06]","(515,3.77e+04]","(234,802]",52180183,EC
DCPS,Coolidge High School,316763,6315 5th St  NW,395,802,455,-77.019578251,38.967284215,4,0.5819861432,"(9.44e+04,4.71e+06]","(369,515]","(234,802]",20346047,HS
DCPS,Deal Middle School,168649,3815 Fort Dr  NW,1313,128,405,-77.075199068,38.952896407,3,0.0849358974,"(9.44e+04,4.71e+06]","(515,3.77e+04]","(100,153]",9983782,MS
DCPS,Drew Elementary School,62807,5600 Eads St  NE,201,312,231,-76.919927008,38.89599364,7,0.7678571429,"(3.7e+04,6.3e+04]","[60,280]","(234,802]",34034794,ES
DCPS,Dunbar High School (OLD),365228,101 N St. NW,653,559,467,-77.014693861,38.908523215,5,0.6576433121,"(9.44e+04,4.71e+06]","(515,3.77e+04]","(234,802]",93940159,HS
DCPS,Eastern High School,310721,1700 East Capitol St NE,1027,303,457,-76.979684293,38.890402328,6,0.5964240102,"(9.44e+04,4.71e+06]","(515,3.77e+04]","(234,802]",23980828,HS
DCPS,Eaton Elementary School,57991,3301 Lowell St  NW,475,122,232,-77.065821138,38.932726738,3,0.0595744681,"(3.7e+04,6.3e+04]","(369,515]","(100,153]",13088840,ES
DCPS,Eliot-Hine Middle School,151470,1830 Constitution Ave  NE,257,589,232,-77.065821138,38.932726738,3,0.0595744681,"(9.44e+04,4.71e+06]","[60,280]","(234,802]",57274094,MS
DCPS,Ellington School of the Arts,177761,2501 11th St NW,523,340,471,-77.070307568,38.913446043,2,0.2144177449,"(9.44e+04,4.71e+06]","(515,3.77e+04]","(234,802]",33927898,Unknown
DCPS,Francis-Stevens Education Campus,107751,2425 N St  NW,415,260,409,-77.052320997,38.907469168,2,NA,"(9.44e+04,4.71e+06]","(369,515]","(234,802]",55700221,EC
DCPS,Garfield Elementary School,68201,2435 Alabama Ave  SE,284,240,238,-76.970804777,38.851733042,8,0.7706766917,"(6.3e+04,9.44e+04]","(280,369]","(234,802]",82353822,ES
DCPS,Garrison Elementary School,62160,1200 S St  NW,245,254,239,-77.028612556,38.913900957,2,0.5357142857,"(3.7e+04,6.3e+04]","[60,280]","(234,802]",37321987,ES
DCPS,H.D. Cooke Elementary School,78473,2525 17th St NW,402,195,227,-77.038810584,38.923942751,1,0.5378787879,"(6.3e+04,9.44e+04]","(369,515]","(153,234]",92849482,ES
DCPS,Hardy Middle School,106341,1819 35th St  NW,386,275,246,-77.068613896,38.915508698,2,0.269541779,"(9.44e+04,4.71e+06]","(369,515]","(234,802]",79015964,MS
DCPS,Hart Middle School,149164,601 Mississippi Ave  SE,480,311,413,-76.997178747,38.837737537,8,0.7629233512,"(9.44e+04,4.71e+06]","(369,515]","(234,802]",29616739,MS
DCPS,Hearst Elementary School,17213,3950 37th St  NW,292,59,258,-77.071955219,38.940722313,3,0.1463414634,"[3.9e+03,3.7e+04]","(280,369]","[0,100]",32144020,ES
DCPS,Hendley Elementary School,66329,425 Chesapeake St  SE,504,132,249,-76.999184846,38.82898558,8,0.8310940499,"(6.3e+04,9.44e+04]","(369,515]","(100,153]",86695947,ES
DCPS,Houston Elementary School,48544,1100 50th Pl  NE,279,174,251,-76.929947647,38.905414986,7,0.6788321168,"(3.7e+04,6.3e+04]","[60,280]","(153,234]",60660864,ES
DCPS,Hyde-Addison Elementary School,19386,3219 O St  NW,306,63,252,-77.064537819,38.908019234,2,0.0658682635,"[3.9e+03,3.7e+04]","(280,369]","[0,100]",42608509,ES
DCPS,J.O. Wilson Elementary School,97825,660 K Street NE,466,210,339,-76.996589022,38.902757665,6,0.4849884527,"(9.44e+04,4.71e+06]","(369,515]","(153,234]",63536552,ES
DCPS,Janney Elementary School,71785,4130 Albemarle St  NW,695,103,254,-77.080994825,38.947550086,3,0.0111642743,"(6.3e+04,9.44e+04]","(515,3.77e+04]","(100,153]",56657910,ES
DCPS,Jefferson Middle School,103576,801 7th St SW,278,373,415,-77.02291066,38.879870599,6,0.625,"(9.44e+04,4.71e+06]","[60,280]","(234,802]",45867383,MS
DCPS,John Hayden Johnson Middle School,170451,1400 Bruce Pl  SE,292,584,416,-76.983703681,38.851336572,8,0.7601476015,"(9.44e+04,4.71e+06]","(280,369]","(234,802]",79802289,MS
DCPS,Kelly Miller Middle School,120265,301 49th St  NE,549,219,421,-76.932455065,38.893315031,7,0.7212475634,"(9.44e+04,4.71e+06]","(515,3.77e+04]","(153,234]",9583399,MS
DCPS,Ketcham Elementary School,92343,1919 15th St  SE,309,299,257,-76.983621162,38.86604236,8,0.7777777778,"(6.3e+04,9.44e+04]","(280,369]","(234,802]",70106556,ES
DCPS,Key Elementary School,63290,5001 Dana Pl  NW,383,165,272,-77.100527318,38.926801504,3,0.0288713911,"(6.3e+04,9.44e+04]","(369,515]","(153,234]",26685694,ES
DCPS,Kimball Elementary School,72274,3375 Minnesota Ave  SE,348,208,259,-76.957572707,38.883082756,7,0.7121212121,"(6.3e+04,9.44e+04]","(280,369]","(153,234]",90250484,ES
DCPS,King Elementary School,61737,3200 6th St  SE,372,166,344,-76.998238991,38.842442852,8,0.8097560976,"(3.7e+04,6.3e+04]","(369,515]","(153,234]",81355225,ES
DCPS,Kramer Middle School,131865,1700 Q St  SE,337,391,417,-76.980171305,38.87128607,8,0.7907608696,"(9.44e+04,4.71e+06]","(280,369]","(234,802]",44684991,MS
DCPS,Lafayette Elementary School,106574,5701 Broad Branch Rd  NW,697,153,261,-77.068037122,38.96662722,4,0.0348330914,"(9.44e+04,4.71e+06]","(515,3.77e+04]","(100,153]",32824980,ES
DCPS,Langdon Education Campus,117308,1900 Evarts St  NE,342,343,262,-76.977081855,38.924703828,5,0.56,"(9.44e+04,4.71e+06]","(280,369]","(234,802]",35791732,EC
DCPS,Langley Education Campus,93680,101 T Street NE,289,324,370,NA,NA,NA,NA,"(6.3e+04,9.44e+04]","(280,369]","(234,802]",2847999,EC
DCPS,LaSalle-Backus Education Campus,55011,501 Riggs Road NE,350,157,264,-76.999882544,38.959971809,4,0.5789473684,"(3.7e+04,6.3e+04]","(280,369]","(153,234]",19985421,EC
DCPS,Leckie Elementary School,64697,4201 M L  King Ave  SW,478,135,266,-77.012891913,38.828196449,8,0.5267379679,"(6.3e+04,9.44e+04]","(369,515]","(100,153]",52676035,ES
DCPS,Ludlow-Taylor Elementary School,58639,659 G St  NE,340,172,271,-76.996492494,38.898743808,6,0.3712374582,"(3.7e+04,6.3e+04]","(280,369]","(153,234]",16160985,ES
DCPS,Luke C. Moore High School,65751,1001 Monroe St NE,350,188,884,-76.992316326,38.932276047,5,NA,"(6.3e+04,9.44e+04]","(280,369]","(153,234]",42783217,HS
DCPS,Malcolm X Elementary School,94038,1500 Mississippi Ave. SE Washington,244,385,308,-76.983398577,38.841645061,8,0.76,"(6.3e+04,9.44e+04]","[60,280]","(234,802]",54489001,ES
DCPS,Mann Elementary School,22314,4430 Newark St NW,302,74,273,-77.087826194,38.934291971,3,0.0069686411,"[3.9e+03,3.7e+04]","(280,369]","[0,100]",493664,ES
DCPS,Marie Reed Elementary School,155117,2201 18th St. NW,393,395,284,-77.040529953,38.919167306,1,0.3554376658,"(9.44e+04,4.71e+06]","(369,515]","(234,802]",39343188,ES
DCPS,Maury Elementary School,48128,1250 Constitution Ave NE,367,131,274,-76.988657501,38.89218486,6,0.197640118,"(3.7e+04,6.3e+04]","(280,369]","(100,153]",85083279,ES
DCPS,McKinley Technology High School,665642,151 T St NE,850,783,435/458,NA,NA,NA,NA,"(9.44e+04,4.71e+06]","(515,3.77e+04]","(234,802]",84555392,HS
DCPS,Moten Elementary School,97094,1565 Morris Rd SE,398,244,285,-76.982943653,38.856657189,8,0.7983425414,"(9.44e+04,4.71e+06]","(369,515]","(234,802]",80929831,ES
DCPS,Murch Elementary School,53673,4810 36th St  NW,620,87,287,-77.070079209,38.952933189,3,0.0367412141,"(3.7e+04,6.3e+04]","(515,3.77e+04]","[0,100]",2155594,ES
DCPS,Nalle Elementary School,65418,219 50th St  SE,384,170,288,-76.930796505,38.885954084,7,0.7208672087,"(6.3e+04,9.44e+04]","(369,515]","(153,234]",22958180,ES
DCPS,Noyes Education Campus,78524,2725 10th St  NE,290,271,290,-76.991842884,38.925177646,5,0.65,"(6.3e+04,9.44e+04]","(280,369]","(234,802]",91245103,EC
DCPS,Old Miner,18123,601 15th St  NE,398,46,280,-76.982904319,38.897375681,6,0.720657277,"[3.9e+03,3.7e+04]","(369,515]","[0,100]",33346280,Unknown
DCPS,Old Randle,19645,1650 30th St  SE,362,54,316,-76.964356283,38.870091402,7,0.647761194,"[3.9e+03,3.7e+04]","(280,369]","[0,100]",34630564,Unknown
DCPS,Orr Elementary School,62947,2200 Minnesota Ave  SE,384,164,291,-76.974484017,38.871796823,8,0.7211267606,"(3.7e+04,6.3e+04]","(369,515]","(153,234]",75146556,ES
DCPS,Oyster-Adams Bilingual School (Adams),55563,2020 19th St. NW,314,177,292,-77.044377251,38.917309201,3,0.0665658094,"(3.7e+04,6.3e+04]","(280,369]","(153,234]",23634114,Unknown
DCPS,Oyster-Adams Bilingual School (Oyster),61865,2801 Calvert St NW,336,184,292,-77.044377251,38.917309201,3,0.0665658094,"(3.7e+04,6.3e+04]","(280,369]","(153,234]",86082043,Unknown
DCPS,Patterson Elementary School,81741,4399 South Capitol Terr  SW,383,213,294,-77.008484709,38.826966026,8,0.7752808989,"(6.3e+04,9.44e+04]","(369,515]","(153,234]",85932735,ES
DCPS,Payne Elementary School,61493,1445 C St SE,277,222,295,-76.984194914,38.885132314,6,0.5465116279,"(3.7e+04,6.3e+04]","[60,280]","(153,234]",57009481,ES
DCPS,Peabody Elementary School,35391,425 C St  NE,227,156,301,-76.999857987,38.892895991,6,0.0701754386,"[3.9e+03,3.7e+04]","[60,280]","(153,234]",15222055,ES
DCPS,"Phelps Architecture, Construction, and Engineering High School",170801,704 26th Street NE,323,529,478,-76.971897631,38.901991687,5,0.4702194357,"(9.44e+04,4.71e+06]","(280,369]","(234,802]",99945093,HS
DCPS,Plummer Elementary School,66032,4601 Texas Ave  SE,429,154,299,-76.939934676,38.887239863,7,0.7716346154,"(6.3e+04,9.44e+04]","(369,515]","(153,234]",18410813,ES
DCPS,Powell Elementary School,62970,1350 Upshur St  NW,447,141,300,-77.031227422,38.941534009,4,0.4458128079,"(3.7e+04,6.3e+04]","(369,515]","(100,153]",40268502,ES
DCPS,Prospect Learning Center,61873,920 F STREET NE,248,249,943,-76.993183024,38.897564662,6,0.078,"(3.7e+04,6.3e+04]","[60,280]","(234,802]",82210324,Unknown
DCPS,Raymond Education Campus,65306,915 Spring Rd  NW,581,112,302,-77.02643266,38.935810871,4,0.4548802947,"(6.3e+04,9.44e+04]","(515,3.77e+04]","(100,153]",74402376,EC
DCPS,Roosevelt High School,332294,4301 13th St NW,1284,259,459,-77.027776341,38.943608176,4,0.696347032,"(9.44e+04,4.71e+06]","(515,3.77e+04]","(234,802]",16186501,HS
DCPS,Ross Elementary School,20270,1730 R St  NW,166,122,305,-77.039662145,38.912390814,2,0.0745341615,"[3.9e+03,3.7e+04]","[60,280]","(100,153]",30099823,ES
DCPS,Savoy Elementary School,73483,2400 Shannon Pl SE,408,180,307,-76.993604261,38.862851652,8,0.7303921569,"(6.3e+04,9.44e+04]","(369,515]","(153,234]",66887405,ES
DCPS,School Without Walls High School,60334,2130 G St NW,590,102,466,-77.048186466,38.898123787,2,0.0854700855,"(3.7e+04,6.3e+04]","(515,3.77e+04]","(100,153]",20360488,HS
DCPS,Seaton Elementary School,66624,1503 10th St  NW,295,226,309,-77.024882467,38.910618362,6,0.5138339921,"(6.3e+04,9.44e+04]","(280,369]","(153,234]",8601316,ES
DCPS,Sharpe Health School,82374,420 34th St NW,116,710,312/265,NA,NA,NA,NA,"(6.3e+04,9.44e+04]","[60,280]","(234,802]",50569487,Unknown
DCPS,Shepherd Elementary School,47363,7800 14th St  NW,318,149,313,-77.033995228,38.984602949,4,0.1513157895,"(3.7e+04,6.3e+04]","(280,369]","(100,153]",61971488,ES
DCPS,Simon Elementary School,59891,401 Mississippi Ave  SE,293,204,315,-77.000194997,38.835980202,8,0.7601351351,"(3.7e+04,6.3e+04]","(280,369]","(153,234]",58753126,ES
DCPS,Smothers Elementary School,40746,4400 Brooks St  NE,275,148,322,-76.938468639,38.893553701,7,0.7103448276,"(3.7e+04,6.3e+04]","[60,280]","(100,153]",8092696,ES
DCPS,Sousa Middle School,114073,3650 Ely Pl SE,284,402,427,-76.953158845,38.883894076,7,0.7084745763,"(9.44e+04,4.71e+06]","(280,369]","(234,802]",21860779,MS
DCPS,Stanton Elementary School,55342,2701 Naylor Rd  SE,578,96,319,-76.968490227,38.859271774,8,0.8307692308,"(3.7e+04,6.3e+04]","(515,3.77e+04]","[0,100]",20770706,ES
DCPS,Stoddert Elementary School,86625,4001 Calvert St  NW,418,207,321,-77.079073796,38.923044313,3,0.0367454068,"(6.3e+04,9.44e+04]","(369,515]","(153,234]",30490220,ES
DCPS,Stuart-Hobson Middle School,110837,410 E St  NE,423,262,428,-77.00000438,38.89629737,6,0.3045563549,"(9.44e+04,4.71e+06]","(369,515]","(234,802]",44981783,MS
DCPS,Takoma Education Campus,119436,7010 Piney Branch Rd  NW,443,270,324,-77.022794928,38.975042541,4,0.4660633484,"(9.44e+04,4.71e+06]","(369,515]","(234,802]",48515268,EC
DCPS,Thomas Elementary School,74826,650 Anacostia Ave NE,408,183,325,-76.952110911,38.901278637,7,0.7439613527,"(6.3e+04,9.44e+04]","(369,515]","(153,234]",18103243,ES
DCPS,Thomson Elementary School,135050,1200 L St  NW,272,497,326,-77.028430033,38.903496003,2,0.4152249135,"(9.44e+04,4.71e+06]","[60,280]","(234,802]",40058879,ES
DCPS,Truesdell Education Campus,78964,800 Ingraham St  NW,526,150,327,-77.025071576,38.953968357,4,0.53125,"(6.3e+04,9.44e+04]","(515,3.77e+04]","(100,153]",34826834,EC
DCPS,Tubman Elementary School,83462,3101 13th St  NW,502,166,328,-77.029443298,38.929198235,1,0.6306483301,"(6.3e+04,9.44e+04]","(369,515]","(153,234]",92684011,ES
DCPS,Turner Elementary School,101093,3264 Stanton Rd SE,395,256,329,-76.980309925,38.847634942,8,0.7791563275,"(9.44e+04,4.71e+06]","(369,515]","(234,802]",21839565,ES
DCPS,Tyler Elementary School,72954,1001 G St  SE,523,139,330,-76.992041663,38.881084023,6,0.4023668639,"(6.3e+04,9.44e+04]","(515,3.77e+04]","(100,153]",11728706,ES
DCPS,Walker-Jones Education Campus,114942,1125 New Jersey Ave NW,472,244,332,-77.01391586,38.904191757,6,0.718061674,"(9.44e+04,4.71e+06]","(369,515]","(234,802]",44433693,EC
DCPS,Washington Metropolitan High School,65029,300 Bryant Street NW,244,267,474,-77.015584665,38.920429783,1,NA,"(6.3e+04,9.44e+04]","[60,280]","(234,802]",79827387,HS
DCPS,Watkins Elementary School,62970,420 12th St  SE,500,126,333,-76.989996769,38.883466674,6,0.2146788991,"(3.7e+04,6.3e+04]","(369,515]","(100,153]",94707480,ES
DCPS,West Education Campus,91389,1338 Farragut St  NW,267,342,336,-77.032253056,38.95136708,4,0.3410852713,"(6.3e+04,9.44e+04]","[60,280]","(234,802]",18450084,EC
DCPS,Wheatley Education Campus,94773,1299 Neal St NE,463,205,335,-76.988500771,38.90411741,5,0.7805429864,"(9.44e+04,4.71e+06]","(369,515]","(153,234]",42092645,EC
DCPS,Whittier Education Campus,63516,6201 5th St  NW,352,180,338,-77.019238602,38.965856939,4,0.5607734807,"(6.3e+04,9.44e+04]","(280,369]","(153,234]",36343861,EC
DCPS,Wilson High School,406854,3950 Chesapeake St NW,1794,227,463,-77.077775201,38.950155808,3,0.2010613208,"(9.44e+04,4.71e+06]","(515,3.77e+04]","(153,234]",80377868,HS
DCPS,Ballou HS (includes STAY Program),NA,3401 4th St  SE,1345,0,452,-77.000975263,38.839382331,8,0.7168141593,NA,"(515,3.77e+04]","[0,100]",59006575,Unknown
DCPS,Cardozo EC,NA,1200 Clifton St. NW,785,0,454,-77.028470794,38.922172198,1,0.6446402349,NA,"(515,3.77e+04]","[0,100]",16294631,Unknown
DCPS,Capitol Hill Montessori School @ Logan,NA,215 G Street NE,311,0,629,-77.002562701,38.898529974,6,0.101,NA,"(280,369]","[0,100]",64039648,Unknown
DCPS,"Woodson, H.D. HS",NA,540 55th St. NE,639,0,464,-76.922322143,38.896782823,7,0.6850393701,NA,"(515,3.77e+04]","[0,100]",81024617,Unknown
PCS,Achievement Preparatory PCS (Elementary School),23302,"1500 Mississippi Avenue, SE",267,87,217,-76.99226882,38.83432822,8,0.49438202247191,"[3.9e+03,3.7e+04]","[60,280]","[0,100]",13592729,ES
PCS,Achievement Preparatory PCS (Middle School),33177,"908 Wahler Place, SE",381,87,1100,-76.98339857,38.8416454,8,0.503937007874016,"[3.9e+03,3.7e+04]","(369,515]","[0,100]",57070270,MS
PCS,AppleTree Early Learning Center PCS - Columbia Heights,12204,"2750 14th Street, NW ",163,75,140,-77.03274382,38.92524403,1,0.355828220858896,"[3.9e+03,3.7e+04]","[60,280]","[0,100]",64924253,Unknown
PCS,AppleTree Early Learning Center PCS -  Lincoln Park,8975,"138 12th Street, NE",60,150,3073,-76.99053567,38.89151343,6,0.0833333333333333,"[3.9e+03,3.7e+04]","[60,280]","(100,153]",11579232,Unknown
PCS,AppleTree Early Learning Center PCS - Oklahoma Avenue,15866,"320 21st Street, NE",161,99,1137,-76.97558295,38.89459581,7,0.496894409937888,"[3.9e+03,3.7e+04]","[60,280]","[0,100]",57703824,Unknown
PCS,AppleTree Early Learning Center PCS - Southwest,6162,"801 7th Street, SW",86,72,141,-77.0181253,38.8795154,6,0.476744186046512,"[3.9e+03,3.7e+04]","[60,280]","[0,100]",47884239,Unknown
PCS,AppleTree Early Learning PCS - Southeast,9677,"2017 Savannah Terrace, SE",178,96,3072,-76.9749201,38.84876326,8,0.724719101123595,"[3.9e+03,3.7e+04]","[60,280]","[0,100]",93833511,Unknown
PCS,BASIS DC PCS,44179,"410 8th Street, NW",551,80,3068,-77.0232213,38.89521439,2,0.0871143375680581,"(3.7e+04,6.3e+04]","(515,3.77e+04]","[0,100]",80472428,Unknown
PCS,Bridges PCS,3900,"1250 Taylor Street, NW",272,54,142,-77.02862381,38.94050005,4,0.341911764705882,"[3.9e+03,3.7e+04]","[60,280]","[0,100]",39091488,Unknown
PCS,Cedar Tree Academy PCS,31000,"701 Howard Road, SE",358,87,188,-76.99919401,38.86421603,8,0.729050279329609,"[3.9e+03,3.7e+04]","(280,369]","[0,100]",92525247,Unknown
PCS,Center City PCS - Brightwood,37010,"6008 Georgia Avenue, NW",248,149,1103,-77.02832854,38.96319196,4,0.32258064516129,"(3.7e+04,6.3e+04]","[60,280]","(100,153]",39647677,Unknown
PCS,Center City PCS - Capitol Hill,40037,"1503 East Capitol Street, SE",239,168,1104,-76.98330456,38.88952582,6,0.468619246861925,"(3.7e+04,6.3e+04]","[60,280]","(153,234]",36309579,Unknown
PCS,Center City PCS - Congress Heights,27000,"220 Highview Place, SE",257,105,1105,-77.00444463,38.84158668,8,0.669260700389105,"[3.9e+03,3.7e+04]","[60,280]","(100,153]",9654222,Unknown
PCS,Center City PCS - Petworth,30825,"510 Webster Street, NW",262,118,1106,-77.02090667,38.94387114,4,0.370229007633588,"[3.9e+03,3.7e+04]","[60,280]","(100,153]",23281076,Unknown
PCS,Center City PCS - Shaw,29240,"711 N Street, NW",241,121,1107,-77.02266552,38.90744452,6,0.468879668049793,"[3.9e+03,3.7e+04]","[60,280]","(100,153]",99992040,Unknown
PCS,Center City PCS - Trinidad,23313,"1217 W  Virginia Avenue, NE",236,99,1108,-76.99120218,38.90529915,5,0.559322033898305,"[3.9e+03,3.7e+04]","[60,280]","[0,100]",22419971,Unknown
PCS,Cesar Chavez PCS for Public Policy - Capitol Hill,40000,"709 12th Street, SE",358,112,153,-76.99064037,38.88069473,6,0.628491620111732,"(3.7e+04,6.3e+04]","(280,369]","(100,153]",95256831,Unknown
PCS,Cesar Chavez PCS for Public Policy - Chavez Prep,36059,"770 Kenyon Street, NW",331,109,127,-77.02587574,38.92960614,1,0.513595166163142,"[3.9e+03,3.7e+04]","(280,369]","(100,153]",75052203,Unknown
PCS,Community Academy PCS - Amos 1,55000,"1300 Allison Street, NW",590,93,105,-77.03054061,38.94470049,4,0.442372881355932,"(3.7e+04,6.3e+04]","(515,3.77e+04]","[0,100]",22822078,Unknown
PCS,Community Academy PCS - Amos 2,50600,"33 Riggs Road, NE",329,154,158,-77.00663786,38.95492264,5,0.586626139817629,"(3.7e+04,6.3e+04]","(280,369]","(153,234]",99073901,Unknown
PCS,Community Academy PCS - Amos 5,1e+05,"1400 1st Street, NW",523,191,106,-77.0132191,38.90908026,5,0.520076481835564,"(9.44e+04,4.71e+06]","(515,3.77e+04]","(153,234]",33940513,Unknown
PCS,Community Academy PCS - CAPCS Online,20100,"1351 Nicholson Street, NW",123,163,108,-77.0321778,38.9059779,2,0.349593495934959,"[3.9e+03,3.7e+04]","[60,280]","(153,234]",26657511,Unknown
PCS,Creative Minds International PCS,17976,"3224 16th Street, NW",181,99,3069,-77.03681552,38.93151044,1,0.121546961325967,"[3.9e+03,3.7e+04]","[60,280]","[0,100]",41384653,Unknown
PCS,DC  Bilingual PCS,50000,"1420 Columbia Road, NW",364,206,199,-77.0333075,38.92719562,1,0.357142857142857,"(3.7e+04,6.3e+04]","(280,369]","(153,234]",53542530,Unknown
PCS,DC Prep PCS - Edgewood (Elementary School),50050,"707 Edgewood Street, NE",432,116,130,-76.99573508,38.92427699,5,0.456018518518519,"(3.7e+04,6.3e+04]","(369,515]","(100,153]",38773772,ES
PCS,DC Prep PCS - Edgewood (Middle School),39746," 701 Edgewood Street, NE",294,135,196,-76.99600905,38.92473904,5,0.343537414965986,"(3.7e+04,6.3e+04]","(280,369]","(100,153]",77229156,MS
PCS,DC Scholars PCS,31000,"5601 East Capitol Street, SE",389,80,3070,-76.92174283,38.88947954,7,0.647814910025707,"[3.9e+03,3.7e+04]","(369,515]","[0,100]",32158525,Unknown
PCS,Democracy Prep Congress Heights PCS,42528,"3100 Martin Luther King Jr. Avenue, SE",620,69,234,NA,NA,NA,0.703225806451613,"(3.7e+04,6.3e+04]","(515,3.77e+04]","[0,100]",75903345,Unknown
PCS,District of Columbia International School PCS,20217,"3220 16th Street, NW",210,96,248,NA,NA,NA,0.20952380952381,"[3.9e+03,3.7e+04]","[60,280]","[0,100]",33736228,Unknown
PCS,E.L. Haynes PCS - Georgia Avenue,45484,"3600 Georgia Avenue, NW",377,121,146,-77.02424335,38.93432162,1,0.416445623342175,"(3.7e+04,6.3e+04]","(369,515]","(100,153]",51553376,Unknown
PCS,Eagle Academy PCS - The Eagle Center at McGogney,60000,"3400 Wheeler Road, SE",774,78,195,-76.9930375,38.84026907,8,0.602067183462532,"(3.7e+04,6.3e+04]","(515,3.77e+04]","[0,100]",63279923,Unknown
PCS,Eagle Academy PCS - New Jersey Avenue,8500,"1017 New Jersey Avenue, SE",146,58,1125,-77.00508258,38.8778378,6,0.541095890410959,"[3.9e+03,3.7e+04]","[60,280]","[0,100]",97431767,Unknown
PCS,Early Childhood Academy PCS,4012,"4301 9th Street, SE ",259,76,138,-76.99053162,38.83175194,8,0.644787644787645,"[3.9e+03,3.7e+04]","[60,280]","[0,100]",49459407,Unknown
PCS,Elsie Whitlow Stokes Community Freedom PCS,32341,"3700 Oakview Terrace, NE",350,92,159,-76.99008735,38.93498987,5,0.177142857142857,"[3.9e+03,3.7e+04]","(280,369]","[0,100]",95887969,Unknown
PCS,Friendship PCS - Southeast Elementary Academy,58539,"645 Milwaukee Place, SE",576,102,113,-76.99700774,38.84779147,8,0.715277777777778,"(3.7e+04,6.3e+04]","(515,3.77e+04]","(100,153]",80861909,Unknown
PCS,Friendship PCS - Technology Preparatory Academy,7224,"620 Milwaukee Place, SE",499,133,1124,-76.99757265,38.84826749,8,0.707414829659319,"[3.9e+03,3.7e+04]","(369,515]","(100,153]",30577621,Unknown
PCS,Friendship PCS - Collegiate Academy,152000,"4095 Minnesota Avenue, NE",883,172,186,-76.94634663,38.8975498,7,0.585503963759909,"(9.44e+04,4.71e+06]","(515,3.77e+04]","(153,234]",89388406,Unknown
PCS,Harmony DC PCS,20000,"62 T Street, NE",66,303,245,NA,NA,NA,0.606060606060606,"[3.9e+03,3.7e+04]","[60,280]","(234,802]",22662307,Unknown
PCS,Hope Community PCS - Lamond,41000,"6200 Kansas Avenue, NE",358,115,131,-77.00860715,38.96571909,4,0.41340782122905,"(3.7e+04,6.3e+04]","(280,369]","(100,153]",36042723,Unknown
PCS,Hope Community PCS - Tolson,33571,"2917 8th Street, NE",517,65,114,-76.99461626,38.9269508,5,0.51063829787234,"[3.9e+03,3.7e+04]","(515,3.77e+04]","[0,100]",92225269,Unknown
PCS,Howard University Middle School of Math and Science PCS,20968,"405 Howard Place, NW",294,71,115,-77.01912932,38.92284156,1,0.391156462585034,"[3.9e+03,3.7e+04]","(280,369]","[0,100]",14626571,MS
PCS,IDEA (Integrated Design & Electronic Academy) PCS,70000,"1027 45th Street, NE",217,323,163,-76.93710358,38.90454891,7,0.76036866359447,"(6.3e+04,9.44e+04]","[60,280]","(234,802]",36150484,Unknown
PCS,Ideal Academy PCS,35090,"6130 N Capitol Street, NW",297,118,134,-77.00993332,38.96491986,4,0.622895622895623,"[3.9e+03,3.7e+04]","(280,369]","(100,153]",24118269,Unknown
PCS,Ingenuity Prep PCS,31075,"4600 Livingston Road, SE",201,155,200,-77.00308684,38.82390393,8,0.736318407960199,"[3.9e+03,3.7e+04]","[60,280]","(153,234]",86553974,Unknown
PCS,Inspired Teaching Demonstration PCS,40800,"200 Douglas Street, NE",317,129,3064,-77.03079817,38.92008577,1,0.110410094637224,"(3.7e+04,6.3e+04]","(280,369]","(100,153]",80591271,Unknown
PCS,KIPP DC - College Preparatory PCS,187423,"1401 Brentwood Parkway, NE",454,413,1123,-76.98804884,38.85662232,8,0.511013215859031,"(9.44e+04,4.71e+06]","(369,515]","(234,802]",73793973,Unknown
PCS,Latin American Montessori Bilingual PCS,16468,"1375 Missouri Avenue, NW",342,107,193,-77.03239905,38.96216089,4,0.116959064327485,"[3.9e+03,3.7e+04]","(280,369]","(100,153]",21090055,Unknown
PCS,Lee Montessori PCS,13200,"301 Douglas Street, NE",74,178,228,NA,NA,NA,0.135135135135135,"[3.9e+03,3.7e+04]","[60,280]","(153,234]",47796798,Unknown
PCS,Mary McLeod Bethune Day Academy PCS,56927,"1404 Jackson Street, NE",381,149,135,-76.98686463,38.92960592,5,0.622047244094488,"(3.7e+04,6.3e+04]","(369,515]","(100,153]",65532361,Unknown
PCS,Meridian PCS,61900,"2120 13th Street, NW",639,97,165,-77.02995351,38.91874942,1,0.460093896713615,"(3.7e+04,6.3e+04]","(515,3.77e+04]","[0,100]",59976581,Unknown
PCS,Mundo Verde Bilingual PCS,36148,"30 P Street, NW",404,89,3065,-77.03681,38.93131343,1,0.141089108910891,"[3.9e+03,3.7e+04]","(369,515]","[0,100]",8533056,Unknown
PCS,National Collegiate Preparatory PCHS,50000,"4600 Livingston Road, SE",306,163,1120,-77.00308684,38.82390393,8,0.696078431372549,"(3.7e+04,6.3e+04]","(280,369]","(153,234]",49892783,Unknown
PCS,Options PCS,66622,"1375 E Street, NE",268,249,169,-76.98621343,38.89585026,6,0.813432835820896,"(6.3e+04,9.44e+04]","[60,280]","(234,802]",59957294,Unknown
PCS,Perry Street Preparatory PCS,171000,"1800 Perry Street, NE",619,276,161,-76.97859551,38.93679648,5,0.554119547657512,"(9.44e+04,4.71e+06]","(515,3.77e+04]","(234,802]",61214517,Unknown
PCS,Potomac Preparatory PCS,42016,"4401 8th Street, NE",425,99,117,-76.994532,38.9429707,5,0.614117647058824,"(3.7e+04,6.3e+04]","(369,515]","[0,100]",17538336,Unknown
PCS,Richard Wright PCS for Journalism and Media Arts,28000,"770 M Street, SE",305,92,3067,-76.99557668,38.87699771,6,0.737704918032787,"[3.9e+03,3.7e+04]","(280,369]","[0,100]",36800578,Unknown
PCS,Roots PCS,9000,"15 Kennedy Street, NW",95,109,173,-77.01030958,38.95686375,4,0.410526315789474,"[3.9e+03,3.7e+04]","[60,280]","(100,153]",84813449,Unknown
PCS,"SEED Public Charter School of Washington, DC",48128,"4300 C Street, SE",336,143,174,-76.94630306,38.88713024,7,0.511904761904762,"(3.7e+04,6.3e+04]","(280,369]","(100,153]",70017719,Unknown
PCS,Sela PCS,NA,"6015 Chillum Place, NE",86,NA,197,-77.00736469,38.96387483,4,0.27906976744186,NA,"[60,280]",NA,38272866,Unknown
PCS,Shining Stars Montessori Academy PCS,NA,"6017 Chillum Place, NE",118,NA,3066,-77.03079817,38.92008577,1,0.169491525423729,NA,"[60,280]",NA,16017176,Unknown
PCS,Somerset Preparatory Academy PCS,112000,"3301 Wheeler Road, SE",240,467,187,-76.99410056,38.84151923,8,0.666666666666667,"(9.44e+04,4.71e+06]","[60,280]","(234,802]",79736117,Unknown
PCS,St. Coletta Special Education PCS,99540,"1901 Independence Avenue, SE",252,395,1047,-76.97667492,38.88721683,7,0.44047619047619,"(9.44e+04,4.71e+06]","[60,280]","(234,802]",46673216,Unknown
PCS,Thurgood Marshall Academy PCS,63625,"2427 Martin Luther King Jr. Avenue, SE",395,161,191,-76.99368577,38.86227707,8,0.546835443037975,"(6.3e+04,9.44e+04]","(369,515]","(153,234]",89204860,Unknown
PCS,Tree of Life PCS,28076,"2315 18th Place, NE",286,85,183,-76.97783843,38.9207792,5,0.646853146853147,"[3.9e+03,3.7e+04]","(280,369]","[0,100]",50870995,Unknown
PCS,Two Rivers PCS (Elementary and Middle Schools),33076,"1227 4th Street, NE ",518,98,198,-77.00029965,38.90675361,6,0.243243243243243,"[3.9e+03,3.7e+04]","(515,3.77e+04]","[0,100]",25998476,MS
PCS,Washington Mathematics Science Technology PCHS,49116,"1920 Bladensburg Road, NE",335,147,178,-76.97378958,38.91641842,5,0.662686567164179,"(3.7e+04,6.3e+04]","(280,369]","(100,153]",78972161,Unknown
PCS,Washington Yu Ying PCS,41118,"220 Taylor Street, NE",528,78,1117,-77.00368216,38.94123488,5,0.0416666666666667,"(3.7e+04,6.3e+04]","(515,3.77e+04]","[0,100]",57585204,Unknown
PCS,"William E. Doar, Jr. PCS for the Performing Arts",46835,"705 Edgewood Street, NE",439,107,210,-76.99585343,38.9236448,5,0.507972665148064,"(3.7e+04,6.3e+04]","(369,515]","(100,153]",27136679,Unknown
PCS,Academy of Hope Adult PCS*,9375,"601 Edgewood Street, NE",256,83.5,233,NA,NA,NA,0,"[3.9e+03,3.7e+04]","[60,280]","[0,100]",39247551,Unknown
PCS,Briya PCS*,NA,"2333 Ontario Road, NW (Main Office)",492,NA,126,-77.0398061,38.92097271,1,0.040650406504065,NA,"(369,515]",NA,4756010,Unknown
PCS,Carlos Rosario International PCS*,84000,"1100 Harvard Street, NW",1973,67,1119,-77.02755753,38.92646384,1,0,"(6.3e+04,9.44e+04]","(515,3.77e+04]","[0,100]",40640495,Unknown
PCS,Community College Preparatory Academy PCS*,11000,"2405 Martin Luther King Jr. Avenue, SE",273,40,216,-76.99262996,38.86275176,8,0,"[3.9e+03,3.7e+04]","[60,280]","[0,100]",85013911,Unknown
PCS,LAYC Career Academy PCS*,15500,"3047 15th Street, NW",190,82,104,-77.0358413,38.92851269,1,0,"[3.9e+03,3.7e+04]","[60,280]","[0,100]",13035179,Unknown
PCS,Youthbuild PCS*,11709,3014 14th St NW,112,105,128,-77.03275327,38.92774375,1,0,"[3.9e+03,3.7e+04]","[60,280]","(100,153]",13179492,Unknown
PCS,The Next Step/El Proximo Paso PCS*,31352,"3047 15th Street, NW",363,86,168,-77.0358413,38.92851269,1,0,"[3.9e+03,3.7e+04]","(280,369]","[0,100]",21877869,Unknown
PCS,"Capital City PCS (Lower, Middle, and High Schools)",171100,"100 Peabody Street, NW",971,176,"1207,184 & 182",-77.01286745,38.96216486,4,0.340885684860968,"(9.44e+04,4.71e+06]","(515,3.77e+04]","(153,234]",15252353,HS
PCS,Cesar Chavez PCS for Public Policy - Parkside (Middle and High Schools),66880,"3701 Hayes Street,  NE",659,101,102 & 109,-76.94906511,38.90143803,7,0.655538694992413,"(6.3e+04,9.44e+04]","(515,3.77e+04]","(100,153]",69133057,HS
PCS,DC  Prep PCS - Benning (Elementary and Middle Schools),107130,"100 41st Street, NE",594,180,1110 & 218,-76.94482148,38.8910218,7,0.501683501683502,"(9.44e+04,4.71e+06]","(515,3.77e+04]","(153,234]",29157629,MS
PCS,E.L. Haynes PCS - Kansas Avenue (Elementary and High Schools),71447,"4501 Kansas Avenue, NW",780,92,1206 & 1138,-77.02241638,38.94560189,4,0.441025641025641,"(6.3e+04,9.44e+04]","(515,3.77e+04]","[0,100]",4361383,HS
PCS,Excel Academy PCS (LEAD and DREAM),86800,"2501 Martin Luther King Jr. Avenue, SE",724,120,1211 & 1113,-76.99535457,38.85976209,8,0.643646408839779,"(6.3e+04,9.44e+04]","(515,3.77e+04]","(100,153]",58671980,Unknown
PCS,Friendship PCS - Blow-Pierce (Elementary and Middle Schools),52944,"725 19th Street, NE",592,89,362 & 361,-76.97648125,38.89782045,7,0.736486486486487,"(3.7e+04,6.3e+04]","(515,3.77e+04]","[0,100]",92086233,MS
PCS,Friendship PCS - Chamberlain (Elementary and Middle Schools),80860,"1345 Potomac Avenue, SE",718,113,363 & 364,-76.9868023,38.87938499,6,0.605849582172702,"(6.3e+04,9.44e+04]","(515,3.77e+04]","(100,153]",31676226,MS
PCS,Friendship PCS - Woodridge (Elementary and Middle Schools),37000,"2959 Carlton Avenue, NE",452,82,365 & 366,-76.9665146,38.92954664,5,0.446902654867257,"[3.9e+03,3.7e+04]","(369,515]","[0,100]",94109427,MS
PCS,KIPP DC - Arts & Technology Academy PCS and Quest Academy PCS,67378,"5300 Blaine Street, NE",494,136,236 & 237,NA,NA,NA,0.617408906882591,"(6.3e+04,9.44e+04]","(369,515]","(100,153]",29967548,Unknown
PCS,"KIPP DC - Connect Academy PCS, Spring Academy PCS, and  Northeast Academy PCS",67000,"1375 Mt Olivet Road, NE",529,127,"209, 242 & 214",-76.98113601,38.90807397,5,0.546313799621928,"(6.3e+04,9.44e+04]","(515,3.77e+04]","(100,153]",93604657,Unknown
PCS,"KIPP DC - Grow Academy PCS, LEAD Academy PCS, and WILL Academy PCS",100671,"421 P Street, NW",958,105,"1129, 190 & 121",-77.01811734,38.90988639,6,0.422755741127349,"(9.44e+04,4.71e+06]","(515,3.77e+04]","(100,153]",33307649,Unknown
PCS,"KIPP DC - KEY Academy PCS, LEAP Academy PCS, and Promise Academy PCS",84681,"4801 Benning Road, SE",1038,82,"189, 132 & 1121",-76.93439427,38.88262754,7,0.536608863198459,"(6.3e+04,9.44e+04]","(515,3.77e+04]","[0,100]",76281842,Unknown
PCS,"KIPP DC - AIM Academy PCS, Discover Academy PCS, and Heights Academy PCS",144000,"2600 Douglass Place, SE",1066,135,"116, 1122 &3071",-76.98804884,38.85662232,8,0.582551594746717,"(9.44e+04,4.71e+06]","(515,3.77e+04]","(100,153]",89647095,Unknown
PCS,Paul PCS - International Middle and High Schools,128000,"5800 8th Street, NW",701,183,222 & 170,-77.02472307,38.96136545,4,0.455064194008559,"(9.44e+04,4.71e+06]","(515,3.77e+04]","(153,234]",5498235,HS
PCS,Washington Latin PCS (Middle and Upper Schools),64299,"5200 2nd Street, NW",670,96,1118 & 125,-77.01381902,38.95388895,4,0.128358208955224,"(6.3e+04,9.44e+04]","(515,3.77e+04]","[0,100]",95326142,Unknown
PCS,Maya Angelou PCS -Evans and Young Adult Learning Center*,125800,"5600 E Capitol Street, NE",399,315,101 & 137,-76.92063526,38.89029144,7,0.0025062656641604,"(9.44e+04,4.71e+06]","(369,515]","(234,802]",52948637,Unknown
PCS,,4713321,,37684,133,,NA,NA,NA,NA,"(9.44e+04,4.71e+06]","(515,3.77e+04]","(100,153]",45499310,Unknown
PCS,Washington Hospitality Foundation,29300,1851 9th Street NW,171,171,160,-77.02364411,38.91536518,1,NA,"[3.9e+03,3.7e+04]","[60,280]","(153,234]",55705561,Unknown